Team, W/L, 3Point,Opp3Point
ATL,W,0.462,0.3
ATL,W,0.25,0.278
ATL,W,0.367,0.435
ATL,L,0.344,0.409
ATL,L,0.2,0.25
ATL,W,0.4,0.333
ATL,W,0.379,0.262
ATL,W,0.45,0.333
ATL,W,0.406,0.379
ATL,W,0.353,0.304
ATL,W,0.313,0.25
ATL,L,0.25,0.345
ATL,L,0.286,0.37
ATL,L,0.345,0.44
ATL,W,0.25,0.259
ATL,L,0.32,0.294
ATL,L,0.343,0.4
ATL,L,0.241,0.343
ATL,L,0.36,0.476
ATL,L,0.25,0.586
ATL,L,0.25,0.542
ATL,L,0.318,0.323
ATL,W,0.211,0.407
ATL,W,0.353,0.429
ATL,L,0.393,0.441
ATL,W,0.44,0.476
ATL,L,0.385,0.444
ATL,W,0.391,0.286
ATL,L,0.269,0.31
ATL,W,0.32,0.32
ATL,L,0.25,0.484
ATL,W,0.259,0.259
ATL,W,0.308,0.29
ATL,W,0.5,0.333
ATL,W,0.526,0.321
ATL,W,0.391,0.429
ATL,W,0.5,0.25
ATL,W,0.304,0.345
ATL,L,0.367,0.386
ATL,W,0.5,0.316
ATL,W,0.375,0.308
ATL,L,0.24,0.4
ATL,W,0.409,0.25
ATL,W,0.35,0.414
ATL,L,0.31,0.583
ATL,W,0.567,0.296
ATL,L,0.29,0.419
ATL,W,0.323,0.353
ATL,L,0.269,0.375
ATL,W,0.267,0.255
ATL,W,0.357,0.259
ATL,L,0.353,0.385
ATL,W,0.296,0.295
ATL,L,0.367,0.5
ATL,W,0.286,0.381
ATL,L,0.269,0.378
ATL,L,0.3,0.459
ATL,L,0.32,0.296
ATL,W,0.24,0.294
ATL,W,0.476,0.424
ATL,L,0.385,0.543
ATL,L,0.333,0.455
ATL,L,0.464,0.455
ATL,W,0.2,0.333
ATL,W,0.364,0.16
ATL,W,0.5,0.172
ATL,L,0.273,0.471
ATL,L,0.296,0.357
ATL,L,0.269,0.444
ATL,L,0.324,0.4
ATL,L,0.32,0.324
ATL,L,0.364,0.296
ATL,L,0.185,0.273
ATL,W,0.222,0.226
ATL,W,0.5,0.282
ATL,L,0.393,0.4
ATL,L,0.292,0.303
ATL,W,0.478,0.349
ATL,W,0.432,0.25
ATL,W,0.29,0.413
ATL,W,0.259,0.13
ATL,L,0.379,0.417
BOS,W,0.344,0.341
BOS,L,0.348,0.44
BOS,W,0.484,0.281
BOS,W,0.438,0.35
BOS,L,0.344,0.412
BOS,L,0.32,0.478
BOS,L,0.323,0.476
BOS,W,0.407,0.261
BOS,W,0.32,0.222
BOS,L,0.293,0.286
BOS,W,0.333,0.348
BOS,L,0.344,0.321
BOS,W,0.387,0.35
BOS,W,0.316,0.167
BOS,W,0.395,0.323
BOS,L,0.353,0.458
BOS,W,0.407,0.2
BOS,L,0.357,0.45
BOS,W,0.393,0.231
BOS,W,0.308,0.455
BOS,L,0.344,0.316
BOS,W,0.269,0.423
BOS,L,0.405,0.45
BOS,L,0.344,0.143
BOS,L,0.323,0.364
BOS,W,0.321,0.267
BOS,W,0.321,0.375
BOS,W,0.324,0.4
BOS,W,0.256,0.304
BOS,L,0.321,0.423
BOS,W,0.389,0.348
BOS,W,0.387,0.3
BOS,L,0.324,0.368
BOS,W,0.531,0.393
BOS,W,0.548,0.423
BOS,W,0.475,0.321
BOS,W,0.5,0.323
BOS,L,0.333,0.455
BOS,W,0.415,0.385
BOS,W,0.386,0.367
BOS,W,0.385,0.32
BOS,L,0.273,0.4
BOS,L,0.371,0.4
BOS,L,0.303,0.45
BOS,W,0.344,0.323
BOS,W,0.471,0.36
BOS,W,0.341,0.429
BOS,W,0.406,0.111
BOS,W,0.333,0.258
BOS,W,0.371,0.368
BOS,W,0.308,0.345
BOS,L,0.313,0.4
BOS,W,0.333,0.346
BOS,W,0.433,0.258
BOS,W,0.471,0.333
BOS,W,0.464,0.258
BOS,L,0.378,0.24
BOS,L,0.316,0.333
BOS,W,0.343,0.364
BOS,L,0.294,0.24
BOS,W,0.419,0.303
BOS,W,0.303,0.25
BOS,L,0.351,0.2
BOS,L,0.286,0.45
BOS,W,0.345,0.2
BOS,L,0.364,0.387
BOS,W,0.432,0.28
BOS,W,0.394,0.296
BOS,W,0.241,0.314
BOS,L,0.207,0.364
BOS,W,0.303,0.229
BOS,W,0.407,0.393
BOS,W,0.341,0.316
BOS,W,0.333,0.241
BOS,L,0.324,0.364
BOS,W,0.364,0.4
BOS,W,0.324,0.28
BOS,L,0.212,0.306
BOS,L,0.349,0.478
BOS,W,0.436,0.321
BOS,W,0.368,0.258
BOS,W,0.324,0.261
BRK,L,0.341,0.344
BRK,W,0.303,0.292
BRK,L,0.324,0.364
BRK,L,0.161,0.407
BRK,W,0.481,0.36
BRK,L,0.25,0.333
BRK,W,0.364,0.429
BRK,L,0.333,0.333
BRK,W,0.432,0.242
BRK,L,0.303,0.56
BRK,L,0.293,0.321
BRK,L,0.379,0.269
BRK,L,0.286,0.417
BRK,L,0.323,0.395
BRK,L,0.324,0.423
BRK,L,0.4,0.565
BRK,W,0.342,0.325
BRK,L,0.3,0.441
BRK,L,0.268,0.25
BRK,L,0.407,0.412
BRK,W,0.346,0.297
BRK,L,0.259,0.538
BRK,L,0.35,0.395
BRK,W,0.314,0.222
BRK,L,0.407,0.241
BRK,L,0.353,0.429
BRK,L,0.286,0.444
BRK,L,0.371,0.324
BRK,L,0.267,0.229
BRK,W,0.484,0.308
BRK,L,0.406,0.231
BRK,L,0.4,0.5
BRK,L,0.222,0.292
BRK,L,0.447,0.455
BRK,L,0.3,0.273
BRK,L,0.37,0.296
BRK,L,0.345,0.304
BRK,L,0.214,0.344
BRK,L,0.472,0.393
BRK,L,0.341,0.477
BRK,L,0.269,0.526
BRK,W,0.5,0.324
BRK,L,0.415,0.467
BRK,L,0.2,0.409
BRK,L,0.371,0.478
BRK,L,0.485,0.361
BRK,L,0.333,0.45
BRK,L,0.154,0.423
BRK,L,0.2,0.222
BRK,L,0.393,0.4
BRK,L,0.382,0.263
BRK,L,0.333,0.269
BRK,L,0.273,0.36
BRK,L,0.4,0.304
BRK,L,0.324,0.409
BRK,L,0.389,0.467
BRK,L,0.333,0.452
BRK,L,0.286,0.355
BRK,W,0.393,0.5
BRK,L,0.233,0.462
BRK,L,0.467,0.64
BRK,W,0.467,0.4
BRK,L,0.333,0.2
BRK,L,0.29,0.424
BRK,W,0.5,0.348
BRK,L,0.5,0.455
BRK,W,0.313,0.167
BRK,L,0.314,0.241
BRK,L,0.419,0.4
BRK,W,0.345,0.217
BRK,W,0.276,0.28
BRK,L,0.2,0.385
BRK,W,0.273,0.185
BRK,L,0.281,0.303
BRK,L,0.323,0.389
BRK,W,0.258,0.4
BRK,W,0.303,0.292
BRK,W,0.516,0.316
BRK,L,0.367,0.36
BRK,W,0.323,0.458
BRK,L,0.258,0.368
BRK,L,0.091,0.467
CHO,W,0.304,0.188
CHO,W,0.318,0.412
CHO,L,0.281,0.484
CHO,W,0.382,0.316
CHO,W,0.333,0.25
CHO,W,0.375,0.273
CHO,W,0.308,0.235
CHO,L,0.415,0.273
CHO,L,0.379,0.368
CHO,W,0.458,0.429
CHO,W,0.345,0.25
CHO,L,0.349,0.389
CHO,L,0.29,0.462
CHO,L,0.55,0.419
CHO,L,0.276,0.393
CHO,W,0.364,0.375
CHO,W,0.346,0.241
CHO,L,0.333,0.429
CHO,W,0.278,0.29
CHO,L,0.389,0.37
CHO,W,0.167,0.361
CHO,W,0.286,0.148
CHO,W,0.409,0.265
CHO,L,0.37,0.419
CHO,L,0.385,0.472
CHO,L,0.424,0.278
CHO,L,0.267,0.321
CHO,W,0.444,0.385
CHO,W,0.44,0.485
CHO,W,0.278,0.318
CHO,L,0.308,0.484
CHO,W,0.417,0.265
CHO,W,0.192,0.357
CHO,L,0.375,0.452
CHO,L,0.474,0.304
CHO,W,0.375,0.3
CHO,L,0.385,0.357
CHO,L,0.19,0.382
CHO,L,0.442,0.436
CHO,L,0.261,0.368
CHO,L,0.32,0.385
CHO,W,0.423,0.258
CHO,W,0.48,0.233
CHO,W,0.467,0.415
CHO,L,0.25,0.4
CHO,L,0.304,0.393
CHO,L,0.351,0.333
CHO,L,0.324,0.407
CHO,L,0.355,0.355
CHO,L,0.29,0.438
CHO,L,0.394,0.394
CHO,W,0.269,0.333
CHO,L,0.308,0.325
CHO,L,0.351,0.412
CHO,L,0.355,0.364
CHO,L,0.342,0.375
CHO,L,0.233,0.405
CHO,W,0.368,0.393
CHO,L,0.45,0.313
CHO,W,0.41,0.375
CHO,L,0.294,0.368
CHO,W,0.593,0.3
CHO,W,0.355,0.4
CHO,L,0.333,0.415
CHO,W,0.476,0.185
CHO,L,0.283,0.412
CHO,L,0.241,0.35
CHO,L,0.13,0.429
CHO,W,0.375,0.333
CHO,W,0.4,0.324
CHO,W,0.333,0.35
CHO,L,0.263,0.36
CHO,W,0.467,0.375
CHO,L,0.25,0.467
CHO,W,0.5,0.355
CHO,W,0.472,0.485
CHO,W,0.367,0.387
CHO,L,0.353,0.5
CHO,L,0.32,0.525
CHO,L,0.321,0.436
CHO,L,0.278,0.593
CHO,L,0.13,0.259
CHI,W,0.44,0.348
CHI,W,0.429,0.389
CHI,W,0.407,0.161
CHI,L,0.35,0.438
CHI,L,0.348,0.429
CHI,L,0.333,0.462
CHI,W,0.158,0.3
CHI,L,0.333,0.45
CHI,W,0.375,0.448
CHI,W,0.333,0.308
CHI,W,0.35,0.265
CHI,W,0.294,0.2
CHI,L,0.3,0.407
CHI,W,0.364,0.419
CHI,L,0.333,0.455
CHI,W,0.286,0.409
CHI,L,0.19,0.25
CHI,W,0.167,0.385
CHI,L,0.231,0.419
CHI,L,0.304,0.375
CHI,L,0.133,0.381
CHI,W,0.235,0.321
CHI,W,0.125,0.25
CHI,L,0.267,0.286
CHI,L,0.25,0.55
CHI,L,0.238,0.4
CHI,W,0.5,0.13
CHI,L,0.286,0.167
CHI,L,0.318,0.278
CHI,L,0.389,0.5
CHI,W,0.24,0.36
CHI,W,0.231,0.406
CHI,L,0.261,0.368
CHI,L,0.37,0.6
CHI,W,0.304,0.474
CHI,W,0.433,0.32
CHI,W,0.393,0.258
CHI,L,0.368,0.292
CHI,L,0.37,0.5
CHI,L,0.167,0.304
CHI,W,0.4,0.304
CHI,W,0.235,0.344
CHI,L,0.429,0.393
CHI,L,0.25,0.409
CHI,W,0.353,0.346
CHI,W,0.318,0.318
CHI,L,0.296,0.567
CHI,L,0.231,0.375
CHI,W,0.571,0.357
CHI,W,0.4,0.27
CHI,L,0.32,0.372
CHI,W,0.316,0.393
CHI,L,0.167,0.536
CHI,L,0.263,0.421
CHI,L,0.4,0.25
CHI,W,0.412,0.25
CHI,W,0.24,0.378
CHI,W,0.462,0.333
CHI,W,0.5,0.378
CHI,L,0.385,0.433
CHI,W,0.263,0.2
CHI,L,0.353,0.24
CHI,L,0.286,0.286
CHI,L,0.429,0.28
CHI,L,0.231,0.319
CHI,L,0.28,0.432
CHI,W,0.35,0.241
CHI,L,0.393,0.355
CHI,L,0.259,0.385
CHI,W,0.368,0.28
CHI,L,0.378,0.348
CHI,W,0.478,0.35
CHI,L,0.417,0.32
CHI,W,0.476,0.304
CHI,W,0.48,0.37
CHI,W,0.4,0.393
CHI,W,0.5,0.333
CHI,L,0.222,0.261
CHI,W,0.32,0.212
CHI,L,0.458,0.323
CHI,W,0.462,0.185
CHI,W,0.467,0.091
CLE,W,0.371,0.333
CLE,W,0.375,0.25
CLE,W,0.297,0.286
CLE,W,0.5,0.386
CLE,W,0.412,0.344
CLE,W,0.368,0.368
CLE,L,0.262,0.379
CLE,W,0.424,0.2
CLE,W,0.368,0.379
CLE,W,0.394,0.448
CLE,L,0.367,0.357
CLE,W,0.44,0.316
CLE,W,0.583,0.448
CLE,W,0.465,0.229
CLE,W,0.3,0.441
CLE,L,0.359,0.368
CLE,L,0.375,0.419
CLE,L,0.385,0.167
CLE,W,0.438,0.406
CLE,W,0.55,0.355
CLE,W,0.375,0.222
CLE,W,0.419,0.37
CLE,W,0.387,0.182
CLE,L,0.36,0.522
CLE,W,0.455,0.432
CLE,W,0.425,0.259
CLE,W,0.556,0.409
CLE,W,0.229,0.267
CLE,W,0.343,0.3
CLE,L,0.393,0.571
CLE,W,0.368,0.324
CLE,W,0.452,0.375
CLE,W,0.194,0.423
CLE,L,0.32,0.433
CLE,W,0.273,0.3
CLE,W,0.441,0.333
CLE,L,0.29,0.382
CLE,L,0.3,0.333
CLE,W,0.405,0.36
CLE,L,0.265,0.441
CLE,W,0.452,0.211
CLE,L,0.382,0.385
CLE,L,0.405,0.41
CLE,L,0.395,0.355
CLE,W,0.361,0.485
CLE,W,0.276,0.231
CLE,L,0.375,0.281
CLE,W,0.405,0.333
CLE,W,0.4,0.387
CLE,W,0.5,0.414
CLE,W,0.444,0.52
CLE,L,0.476,0.296
CLE,W,0.5,0.324
CLE,W,0.333,0.391
CLE,W,0.462,0.5
CLE,W,0.395,0.308
CLE,L,0.378,0.5
CLE,W,0.357,0.367
CLE,L,0.303,0.419
CLE,W,0.543,0.385
CLE,L,0.407,0.529
CLE,L,0.333,0.457
CLE,L,0.282,0.346
CLE,W,0.385,0.19
CLE,L,0.395,0.356
CLE,W,0.633,0.211
CLE,W,0.273,0.238
CLE,L,0.185,0.308
CLE,W,0.361,0.407
CLE,L,0.405,0.423
CLE,W,0.36,0.263
CLE,L,0.364,0.444
CLE,L,0.154,0.269
CLE,L,0.37,0.48
CLE,W,0.448,0.333
CLE,W,0.419,0.39
CLE,W,0.5,0.333
CLE,W,0.306,0.212
CLE,L,0.25,0.432
CLE,L,0.413,0.29
CLE,L,0.4,0.364
CLE,L,0.27,0.308
DAL,L,0.375,0.526
DAL,L,0.276,0.469
DAL,L,0.355,0.355
DAL,L,0.269,0.48
DAL,L,0.357,0.387
DAL,W,0.237,0.207
DAL,W,0.435,0.385
DAL,L,0.214,0.515
DAL,L,0.185,0.36
DAL,L,0.348,0.333
DAL,L,0.2,0.36
DAL,L,0.464,0.381
DAL,L,0.296,0.4
DAL,L,0.458,0.469
DAL,L,0.229,0.465
DAL,W,0.37,0.25
DAL,L,0.333,0.579
DAL,L,0.29,0.278
DAL,W,0.419,0.231
DAL,L,0.361,0.167
DAL,L,0.333,0.455
DAL,W,0.469,0.56
DAL,L,0.324,0.514
DAL,W,0.462,0.28
DAL,L,0.32,0.294
DAL,L,0.429,0.364
DAL,W,0.394,0.258
DAL,L,0.56,0.52
DAL,W,0.226,0.37
DAL,W,0.241,0.448
DAL,L,0.406,0.48
DAL,L,0.395,0.531
DAL,W,0.452,0.368
DAL,L,0.25,0.333
DAL,W,0.531,0.367
DAL,L,0.31,0.412
DAL,L,0.25,0.5
DAL,L,0.464,0.375
DAL,W,0.441,0.556
DAL,W,0.414,0.238
DAL,W,0.393,0.429
DAL,L,0.389,0.45
DAL,L,0.348,0.348
DAL,W,0.436,0.143
DAL,W,0.231,0.304
DAL,L,0.423,0.409
DAL,W,0.353,0.364
DAL,W,0.281,0.375
DAL,W,0.385,0.273
DAL,W,0.548,0.3
DAL,L,0.308,0.393
DAL,L,0.429,0.393
DAL,W,0.25,0.448
DAL,W,0.486,0.13
DAL,L,0.333,0.471
DAL,L,0.27,0.316
DAL,L,0.242,0.385
DAL,W,0.462,0.208
DAL,W,0.5,0.346
DAL,L,0.424,0.476
DAL,W,0.185,0.321
DAL,W,0.28,0.091
DAL,W,0.548,0.367
DAL,W,0.424,0.29
DAL,L,0.346,0.286
DAL,L,0.28,0.36
DAL,W,0.438,0.4
DAL,L,0.217,0.414
DAL,W,0.4,0.419
DAL,L,0.324,0.433
DAL,W,0.346,0.333
DAL,L,0.25,0.429
DAL,L,0.345,0.261
DAL,L,0.519,0.4
DAL,L,0.353,0.407
DAL,W,0.389,0.353
DAL,L,0.279,0.545
DAL,L,0.355,0.387
DAL,L,0.308,0.321
DAL,L,0.356,0.421
DAL,L,0.3,0.429
DAL,W,0.265,0.32
DEN,W,0.333,0.158
DEN,L,0.261,0.313
DEN,L,0.409,0.25
DEN,W,0.273,0.409
DEN,L,0.28,0.35
DEN,W,0.478,0.32
DEN,L,0.417,0.292
DEN,L,0.361,0.467
DEN,L,0.36,0.222
DEN,L,0.379,0.276
DEN,W,0.471,0.4
DEN,L,0.16,0.348
DEN,W,0.364,0.259
DEN,W,0.455,0.333
DEN,L,0.333,0.308
DEN,L,0.353,0.5
DEN,W,0.448,0.44
DEN,L,0.318,0.375
DEN,L,0.29,0.459
DEN,L,0.542,0.36
DEN,W,0.37,0.355
DEN,L,0.297,0.346
DEN,L,0.219,0.316
DEN,W,0.421,0.407
DEN,L,0.28,0.462
DEN,W,0.484,0.348
DEN,W,0.37,0.348
DEN,W,0.52,0.56
DEN,L,0.282,0.444
DEN,L,0.32,0.32
DEN,W,0.355,0.36
DEN,W,0.357,0.28
DEN,L,0.407,0.485
DEN,L,0.257,0.44
DEN,L,0.474,0.379
DEN,L,0.28,0.5
DEN,L,0.375,0.333
DEN,W,0.469,0.414
DEN,W,0.333,0.32
DEN,W,0.423,0.367
DEN,L,0.323,0.409
DEN,W,0.417,0.313
DEN,L,0.292,0.4
DEN,W,0.385,0.318
DEN,W,0.391,0.417
DEN,W,0.32,0.286
DEN,L,0.556,0.462
DEN,L,0.36,0.467
DEN,W,0.321,0.375
DEN,L,0.385,0.476
DEN,W,0.393,0.308
DEN,L,0.295,0.296
DEN,W,0.5,0.421
DEN,L,0.324,0.5
DEN,W,0.585,0.25
DEN,L,0.324,0.333
DEN,L,0.343,0.5
DEN,W,0.452,0.333
DEN,L,0.324,0.333
DEN,W,0.433,0.385
DEN,W,0.303,0.5
DEN,L,0.3,0.593
DEN,W,0.433,0.375
DEN,L,0.464,0.423
DEN,W,0.387,0.364
DEN,W,0.265,0.348
DEN,W,0.447,0.3
DEN,W,0.536,0.5
DEN,L,0.323,0.208
DEN,L,0.414,0.447
DEN,W,0.423,0.405
DEN,W,0.259,0.542
DEN,L,0.24,0.333
DEN,L,0.3,0.296
DEN,L,0.485,0.472
DEN,W,0.25,0.481
DEN,W,0.433,0.438
DEN,L,0.184,0.294
DEN,W,0.406,0.13
DEN,L,0.324,0.24
DEN,W,0.429,0.3
DEN,W,0.28,0.32
DET,L,0.182,0.167
DET,W,0.368,0.308
DET,W,0.25,0.235
DET,W,0.615,0.318
DET,L,0.36,0.481
DET,W,0.35,0.28
DET,L,0.333,0.52
DET,L,0.409,0.364
DET,L,0.2,0.45
DET,W,0.222,0.36
DET,W,0.313,0.185
DET,L,0.348,0.36
DET,L,0.316,0.44
DET,L,0.35,0.387
DET,L,0.412,0.323
DET,W,0.316,0.269
DET,W,0.474,0.333
DET,L,0.053,0.348
DET,W,0.429,0.333
DET,W,0.45,0.357
DET,W,0.586,0.25
DET,L,0.37,0.304
DET,W,0.381,0.133
DET,L,0.148,0.286
DET,W,0.483,0.188
DET,L,0.263,0.412
DET,W,0.294,0.32
DET,L,0.357,0.48
DET,L,0.333,0.316
DET,L,0.13,0.5
DET,L,0.261,0.4
DET,L,0.345,0.407
DET,W,0.571,0.393
DET,L,0.25,0.5
DET,L,0.29,0.308
DET,W,0.409,0.538
DET,L,0.345,0.563
DET,W,0.357,0.385
DET,W,0.32,0.429
DET,L,0.444,0.565
DET,L,0.214,0.517
DET,L,0.353,0.516
DET,W,0.36,0.231
DET,W,0.4,0.24
DET,W,0.393,0.308
DET,L,0.357,0.429
DET,L,0.333,0.5
DET,L,0.111,0.406
DET,W,0.385,0.238
DET,W,0.423,0.294
DET,L,0.353,0.292
DET,W,0.227,0.179
DET,W,0.25,0.261
DET,L,0.294,0.474
DET,W,0.258,0.5
DET,L,0.333,0.286
DET,W,0.316,0.27
DET,W,0.405,0.233
DET,L,0.364,0.343
DET,W,0.28,0.4
DET,L,0.13,0.36
DET,W,0.435,0.412
DET,W,0.286,0.286
DET,L,0.269,0.478
DET,W,0.346,0.282
DET,W,0.333,0.433
DET,L,0.211,0.633
DET,L,0.231,0.464
DET,L,0.15,0.333
DET,W,0.48,0.273
DET,L,0.217,0.345
DET,L,0.35,0.478
DET,L,0.091,0.462
DET,L,0.391,0.333
DET,L,0.296,0.238
DET,W,0.389,0.323
DET,L,0.233,0.389
DET,L,0.333,0.333
DET,W,0.346,0.314
DET,W,0.5,0.429
DET,L,0.385,0.368
DET,L,0.306,0.52
GSW,L,0.212,0.5
GSW,W,0.321,0.227
GSW,W,0.276,0.348
GSW,W,0.385,0.359
GSW,W,0.467,0.37
GSW,L,0.156,0.267
GSW,W,0.457,0.333
GSW,W,0.515,0.214
GSW,W,0.467,0.361
GSW,W,0.485,0.333
GSW,W,0.361,0.4
GSW,W,0.321,0.344
GSW,W,0.368,0.5
GSW,W,0.361,0.261
GSW,W,0.528,0.4
GSW,W,0.393,0.227
GSW,W,0.5,0.286
GSW,W,0.343,0.241
GSW,L,0.273,0.318
GSW,W,0.667,0.344
GSW,W,0.378,0.2
GSW,W,0.226,0.308
GSW,W,0.414,0.263
GSW,L,0.333,0.308
GSW,W,0.406,0.375
GSW,W,0.412,0.4
GSW,W,0.281,0.238
GSW,W,0.5,0.286
GSW,W,0.391,0.3
GSW,W,0.324,0.371
GSW,W,0.407,0.345
GSW,L,0.3,0.343
GSW,W,0.609,0.371
GSW,W,0.333,0.25
GSW,W,0.44,0.257
GSW,W,0.361,0.462
GSW,L,0.267,0.394
GSW,W,0.345,0.393
GSW,W,0.407,0.2
GSW,W,0.517,0.214
GSW,W,0.441,0.265
GSW,W,0.476,0.286
GSW,W,0.395,0.2
GSW,W,0.452,0.25
GSW,L,0.267,0.433
GSW,W,0.393,0.304
GSW,W,0.5,0.429
GSW,W,0.308,0.37
GSW,W,0.438,0.29
GSW,W,0.412,0.4
GSW,L,0.341,0.304
GSW,W,0.536,0.167
GSW,W,0.455,0.346
GSW,W,0.419,0.25
GSW,L,0.25,0.585
GSW,W,0.361,0.292
GSW,W,0.52,0.393
GSW,W,0.355,0.286
GSW,W,0.207,0.294
GSW,L,0.276,0.429
GSW,L,0.2,0.263
GSW,W,0.371,0.318
GSW,W,0.455,0.464
GSW,L,0.2,0.345
GSW,L,0.292,0.286
GSW,L,0.294,0.444
GSW,W,0.438,0.296
GSW,W,0.385,0.259
GSW,W,0.522,0.333
GSW,W,0.455,0.19
GSW,W,0.433,0.324
GSW,W,0.323,0.476
GSW,W,0.548,0.276
GSW,W,0.268,0.161
GSW,W,0.5,0.375
GSW,W,0.344,0.324
GSW,W,0.444,0.37
GSW,W,0.438,0.211
GSW,W,0.433,0.259
GSW,W,0.303,0.238
GSW,L,0.36,0.371
GSW,W,0.333,0.235
HOU,L,0.241,0.343
HOU,W,0.469,0.276
HOU,W,0.355,0.355
HOU,L,0.386,0.5
HOU,W,0.375,0.4
HOU,L,0.333,0.4
HOU,W,0.459,0.37
HOU,W,0.333,0.304
HOU,L,0.319,0.278
HOU,W,0.425,0.227
HOU,L,0.35,0.48
HOU,W,0.438,0.357
HOU,W,0.375,0.444
HOU,W,0.323,0.412
HOU,L,0.333,0.522
HOU,W,0.42,0.281
HOU,W,0.472,0.364
HOU,L,0.367,0.536
HOU,W,0.318,0.273
HOU,W,0.459,0.29
HOU,W,0.316,0.344
HOU,W,0.417,0.25
HOU,W,0.262,0.25
HOU,W,0.514,0.324
HOU,W,0.395,0.35
HOU,W,0.524,0.344
HOU,W,0.393,0.333
HOU,W,0.333,0.333
HOU,L,0.158,0.522
HOU,W,0.474,0.36
HOU,L,0.385,0.52
HOU,W,0.349,0.233
HOU,W,0.531,0.395
HOU,W,0.35,0.394
HOU,W,0.382,0.313
HOU,W,0.308,0.231
HOU,W,0.385,0.4
HOU,W,0.306,0.348
HOU,W,0.289,0.44
HOU,W,0.436,0.442
HOU,L,0.357,0.348
HOU,L,0.244,0.37
HOU,W,0.477,0.341
HOU,L,0.231,0.31
HOU,W,0.318,0.25
HOU,L,0.2,0.395
HOU,W,0.381,0.265
HOU,L,0.4,0.478
HOU,L,0.323,0.344
HOU,W,0.387,0.4
HOU,L,0.282,0.238
HOU,W,0.311,0.276
HOU,L,0.255,0.267
HOU,W,0.372,0.32
HOU,W,0.421,0.24
HOU,W,0.325,0.308
HOU,W,0.5,0.364
HOU,L,0.325,0.371
HOU,W,0.392,0.194
HOU,W,0.379,0.346
HOU,L,0.222,0.433
HOU,W,0.385,0.353
HOU,W,0.429,0.286
HOU,L,0.359,0.393
HOU,L,0.25,0.387
HOU,W,0.319,0.231
HOU,W,0.356,0.395
HOU,W,0.419,0.12
HOU,L,0.325,0.353
HOU,W,0.208,0.323
HOU,W,0.447,0.414
HOU,W,0.359,0.368
HOU,W,0.513,0.367
HOU,L,0.161,0.268
HOU,L,0.235,0.394
HOU,L,0.324,0.344
HOU,W,0.368,0.235
HOU,W,0.294,0.184
HOU,L,0.314,0.346
HOU,W,0.419,0.29
HOU,L,0.225,0.385
HOU,W,0.339,0.478
IND,W,0.526,0.375
IND,L,0.292,0.303
IND,L,0.389,0.429
IND,W,0.357,0.214
IND,L,0.435,0.444
IND,W,0.462,0.333
IND,L,0.273,0.375
IND,W,0.474,0.389
IND,L,0.263,0.344
IND,L,0.222,0.32
IND,W,0.32,0.2
IND,W,0.357,0.367
IND,L,0.143,0.346
IND,W,0.5,0.278
IND,L,0.261,0.361
IND,L,0.259,0.25
IND,W,0.423,0.324
IND,W,0.263,0.167
IND,L,0.429,0.375
IND,W,0.357,0.333
IND,L,0.2,0.378
IND,W,0.304,0.273
IND,L,0.56,0.469
IND,W,0.517,0.432
IND,W,0.472,0.385
IND,L,0.333,0.28
IND,L,0.143,0.37
IND,W,0.316,0.333
IND,W,0.333,0.242
IND,L,0.261,0.565
IND,L,0.304,0.256
IND,L,0.36,0.24
IND,L,0.393,0.364
IND,W,0.368,0.261
IND,W,0.409,0.263
IND,W,0.563,0.345
IND,W,0.455,0.447
IND,W,0.458,0.387
IND,L,0.414,0.469
IND,W,0.263,0.4
IND,W,0.333,0.429
IND,L,0.391,0.424
IND,L,0.5,0.25
IND,L,0.269,0.364
IND,W,0.556,0.37
IND,W,0.357,0.52
IND,W,0.238,0.282
IND,W,0.45,0.25
IND,W,0.4,0.393
IND,W,0.292,0.353
IND,W,0.308,0.25
IND,L,0.52,0.444
IND,L,0.19,0.345
IND,L,0.455,0.548
IND,L,0.45,0.467
IND,L,0.5,0.462
IND,L,0.222,0.517
IND,W,0.423,0.333
IND,L,0.333,0.419
IND,W,0.433,0.222
IND,L,0.304,0.31
IND,W,0.455,0.333
IND,L,0.4,0.355
IND,W,0.478,0.269
IND,L,0.111,0.412
IND,W,0.333,0.281
IND,L,0.276,0.321
IND,W,0.429,0.13
IND,L,0.261,0.444
IND,W,0.5,0.24
IND,L,0.393,0.407
IND,L,0.542,0.259
IND,W,0.412,0.341
IND,L,0.278,0.45
IND,L,0.4,0.375
IND,L,0.423,0.519
IND,L,0.39,0.419
IND,W,0.48,0.217
IND,W,0.32,0.458
IND,W,0.5,0.467
IND,W,0.313,0.394
IND,W,0.417,0.379
LAC,W,0.276,0.222
LAC,W,0.222,0.368
LAC,W,0.375,0.333
LAC,L,0.318,0.25
LAC,W,0.296,0.346
LAC,W,0.391,0.4
LAC,W,0.52,0.333
LAC,W,0.344,0.2
LAC,W,0.407,0.571
LAC,W,0.458,0.364
LAC,W,0.56,0.303
LAC,L,0.36,0.577
LAC,W,0.448,0.385
LAC,W,0.407,0.3
LAC,W,0.4,0.421
LAC,W,0.469,0.458
LAC,L,0.333,0.474
LAC,L,0.167,0.263
LAC,L,0.325,0.342
LAC,W,0.419,0.375
LAC,W,0.417,0.25
LAC,L,0.333,0.357
LAC,L,0.308,0.226
LAC,W,0.472,0.421
LAC,W,0.478,0.476
LAC,W,0.52,0.424
LAC,W,0.28,0.222
LAC,L,0.292,0.526
LAC,W,0.444,0.282
LAC,W,0.393,0.316
LAC,L,0.448,0.241
LAC,L,0.345,0.32
LAC,L,0.36,0.355
LAC,L,0.297,0.345
LAC,L,0.394,0.35
LAC,L,0.267,0.345
LAC,W,0.438,0.133
LAC,W,0.391,0.393
LAC,W,0.419,0.3
LAC,W,0.3,0.259
LAC,W,0.346,0.222
LAC,W,0.357,0.476
LAC,W,0.429,0.333
LAC,L,0.182,0.313
LAC,L,0.313,0.417
LAC,W,0.583,0.31
LAC,L,0.529,0.345
LAC,L,0.429,0.5
LAC,W,0.263,0.35
LAC,L,0.4,0.412
LAC,L,0.345,0.308
LAC,L,0.371,0.417
LAC,W,0.4,0.296
LAC,W,0.412,0.351
LAC,W,0.36,0.174
LAC,W,0.378,0.269
LAC,L,0.393,0.52
LAC,L,0.304,0.346
LAC,W,0.313,0.45
LAC,L,0.353,0.385
LAC,L,0.421,0.4
LAC,W,0.24,0.353
LAC,W,0.45,0.286
LAC,L,0.375,0.25
LAC,W,0.367,0.35
LAC,W,0.32,0.333
LAC,L,0.4,0.667
LAC,L,0.208,0.345
LAC,L,0.5,0.536
LAC,W,0.308,0.185
LAC,W,0.323,0.25
LAC,W,0.455,0.3
LAC,L,0.333,0.346
LAC,W,0.259,0.308
LAC,L,0.345,0.464
LAC,W,0.4,0.382
LAC,W,0.545,0.304
LAC,W,0.44,0.261
LAC,W,0.387,0.355
LAC,W,0.273,0.364
LAC,W,0.385,0.225
LAC,W,0.357,0.455
LAL,W,0.343,0.241
LAL,L,0.391,0.24
LAL,L,0.219,0.346
LAL,L,0.214,0.357
LAL,W,0.409,0.344
LAL,W,0.267,0.156
LAL,W,0.435,0.3
LAL,L,0.385,0.435
LAL,W,0.333,0.381
LAL,W,0.533,0.3
LAL,L,0.333,0.481
LAL,W,0.321,0.293
LAL,L,0.48,0.417
LAL,L,0.419,0.364
LAL,W,0.519,0.407
LAL,L,0.4,0.528
LAL,L,0.227,0.393
LAL,W,0.4,0.343
LAL,L,0.167,0.258
LAL,W,0.25,0.19
LAL,L,0.231,0.414
LAL,L,0.333,0.333
LAL,L,0.357,0.406
LAL,L,0.25,0.417
LAL,L,0.346,0.433
LAL,L,0.357,0.455
LAL,L,0.435,0.435
LAL,L,0.222,0.314
LAL,W,0.3,0.194
LAL,L,0.432,0.455
LAL,L,0.485,0.44
LAL,L,0.368,0.5
LAL,L,0.348,0.407
LAL,W,0.32,0.345
LAL,L,0.25,0.346
LAL,L,0.368,0.452
LAL,L,0.469,0.588
LAL,W,0.515,0.323
LAL,L,0.323,0.364
LAL,W,0.357,0.25
LAL,W,0.25,0.269
LAL,L,0.375,0.333
LAL,L,0.3,0.476
LAL,L,0.476,0.357
LAL,L,0.231,0.36
LAL,L,0.367,0.423
LAL,W,0.424,0.391
LAL,L,0.143,0.436
LAL,L,0.367,0.267
LAL,L,0.286,0.231
LAL,W,0.462,0.556
LAL,L,0.308,0.364
LAL,L,0.368,0.371
LAL,W,0.286,0.333
LAL,L,0.261,0.25
LAL,W,0.484,0.286
LAL,L,0.414,0.292
LAL,L,0.346,0.417
LAL,L,0.2,0.417
LAL,L,0.318,0.476
LAL,L,0.375,0.41
LAL,L,0.25,0.303
LAL,L,0.357,0.375
LAL,L,0.367,0.548
LAL,W,0.444,0.316
LAL,L,0.2,0.417
LAL,L,0.3,0.447
LAL,L,0.12,0.419
LAL,L,0.379,0.167
LAL,L,0.407,0.361
LAL,L,0.3,0.455
LAL,W,0.609,0.333
LAL,L,0.238,0.429
LAL,L,0.364,0.261
LAL,L,0.333,0.476
LAL,L,0.261,0.44
LAL,W,0.368,0.433
LAL,W,0.5,0.371
LAL,W,0.167,0.4
LAL,W,0.37,0.2
LAL,W,0.364,0.318
LAL,L,0.235,0.333
MEM,W,0.458,0.333
MEM,L,0.36,0.286
MEM,W,0.484,0.2
MEM,L,0.167,0.6
MEM,W,0.296,0.324
MEM,L,0.346,0.296
MEM,L,0.231,0.424
MEM,W,0.292,0.417
MEM,L,0.2,0.389
MEM,W,0.381,0.286
MEM,W,0.577,0.36
MEM,W,0.36,0.2
MEM,W,0.111,0.318
MEM,W,0.462,0.29
MEM,W,0.345,0.333
MEM,L,0.211,0.387
MEM,W,0.36,0.355
MEM,L,0.241,0.346
MEM,L,0.407,0.5
MEM,W,0.389,0.25
MEM,W,0.333,0.333
MEM,W,0.382,0.313
MEM,W,0.118,0.341
MEM,W,0.3,0.25
MEM,W,0.308,0.333
MEM,L,0.182,0.387
MEM,W,0.522,0.36
MEM,L,0.2,0.292
MEM,L,0.087,0.296
MEM,L,0.4,0.324
MEM,W,0.4,0.261
MEM,W,0.52,0.385
MEM,L,0.4,0.5
MEM,L,0.3,0.387
MEM,W,0.591,0.182
MEM,W,0.486,0.393
MEM,L,0.323,0.515
MEM,L,0.393,0.391
MEM,W,0.394,0.267
MEM,W,0.375,0.391
MEM,L,0.292,0.308
MEM,W,0.37,0.244
MEM,L,0.344,0.235
MEM,L,0.32,0.276
MEM,W,0.393,0.207
MEM,L,0.265,0.381
MEM,W,0.455,0.294
MEM,L,0.346,0.457
MEM,W,0.423,0.4
MEM,W,0.571,0.263
MEM,W,0.467,0.36
MEM,L,0.158,0.5
MEM,W,0.357,0.385
MEM,W,0.211,0.211
MEM,W,0.583,0.217
MEM,L,0.346,0.455
MEM,W,0.409,0.324
MEM,L,0.182,0.444
MEM,L,0.333,0.423
MEM,W,0.333,0.324
MEM,W,0.48,0.333
MEM,L,0.321,0.185
MEM,L,0.286,0.429
MEM,L,0.4,0.467
MEM,L,0.35,0.367
MEM,L,0.172,0.5
MEM,W,0.519,0.538
MEM,W,0.355,0.393
MEM,W,0.357,0.296
MEM,W,0.433,0.321
MEM,L,0.257,0.31
MEM,L,0.345,0.308
MEM,L,0.276,0.548
MEM,L,0.192,0.24
MEM,W,0.375,0.4
MEM,W,0.407,0.353
MEM,L,0.433,0.368
MEM,L,0.32,0.524
MEM,L,0.346,0.452
MEM,W,0.556,0.214
MEM,L,0.429,0.5
MEM,L,0.32,0.265
MIA,W,0.25,0.333
MIA,L,0.412,0.318
MIA,L,0.35,0.556
MIA,W,0.448,0.217
MIA,L,0.321,0.24
MIA,L,0.235,0.321
MIA,L,0.448,0.375
MIA,L,0.294,0.3
MIA,L,0.267,0.533
MIA,L,0.304,0.353
MIA,W,0.233,0.304
MIA,W,0.481,0.407
MIA,L,0.226,0.423
MIA,L,0.269,0.316
MIA,W,0.387,0.211
MIA,L,0.355,0.36
MIA,L,0.2,0.407
MIA,W,0.375,0.318
MIA,W,0.421,0.567
MIA,L,0.273,0.375
MIA,L,0.44,0.28
MIA,L,0.407,0.211
MIA,L,0.222,0.375
MIA,L,0.25,0.125
MIA,W,0.346,0.217
MIA,W,0.28,0.333
MIA,L,0.222,0.28
MIA,L,0.375,0.321
MIA,L,0.4,0.5
MIA,W,0.5,0.368
MIA,L,0.4,0.393
MIA,L,0.318,0.263
MIA,L,0.357,0.192
MIA,L,0.393,0.531
MIA,L,0.538,0.409
MIA,L,0.261,0.391
MIA,W,0.429,0.4
MIA,L,0.25,0.357
MIA,L,0.259,0.3
MIA,L,0.2,0.407
MIA,L,0.375,0.6
MIA,W,0.31,0.231
MIA,W,0.45,0.389
MIA,W,0.433,0.333
MIA,W,0.433,0.267
MIA,W,0.478,0.371
MIA,W,0.375,0.231
MIA,W,0.5,0.333
MIA,W,0.423,0.154
MIA,W,0.375,0.269
MIA,W,0.545,0.261
MIA,W,0.536,0.455
MIA,W,0.333,0.4
MIA,W,0.304,0.4
MIA,L,0.292,0.36
MIA,L,0.273,0.571
MIA,W,0.371,0.325
MIA,W,0.459,0.3
MIA,W,0.419,0.333
MIA,L,0.346,0.5
MIA,W,0.433,0.353
MIA,L,0.286,0.294
MIA,W,0.529,0.407
MIA,W,0.457,0.333
MIA,W,0.415,0.333
MIA,W,0.393,0.133
MIA,L,0.281,0.333
MIA,W,0.457,0.409
MIA,W,0.308,0.167
MIA,L,0.3,0.5
MIA,W,0.407,0.25
MIA,L,0.261,0.261
MIA,L,0.241,0.333
MIA,W,0.238,0.296
MIA,W,0.48,0.2
MIA,L,0.242,0.375
MIA,L,0.481,0.25
MIA,W,0.525,0.32
MIA,L,0.348,0.45
MIA,W,0.389,0.364
MIA,W,0.364,0.4
MIA,W,0.333,0.269
MIL,L,0.188,0.304
MIL,W,0.364,0.324
MIL,L,0.235,0.25
MIL,W,0.313,0.346
MIL,W,0.444,0.435
MIL,W,0.424,0.357
MIL,L,0.207,0.237
MIL,L,0.333,0.36
MIL,W,0.389,0.2
MIL,L,0.25,0.313
MIL,L,0.304,0.233
MIL,L,0.5,0.368
MIL,W,0.276,0.28
MIL,L,0.414,0.438
MIL,W,0.333,0.25
MIL,W,0.368,0.359
MIL,W,0.441,0.3
MIL,W,0.25,0.268
MIL,L,0.25,0.286
MIL,W,0.417,0.425
MIL,L,0.429,0.353
MIL,L,0.52,0.381
MIL,L,0.167,0.56
MIL,W,0.55,0.25
MIL,W,0.4,0.238
MIL,L,0.259,0.425
MIL,L,0.409,0.556
MIL,W,0.36,0.292
MIL,L,0.3,0.414
MIL,W,0.5,0.25
MIL,L,0.444,0.52
MIL,W,0.6,0.37
MIL,W,0.368,0.333
MIL,W,0.321,0.464
MIL,L,0.545,0.565
MIL,L,0.391,0.313
MIL,W,0.526,0.4
MIL,W,0.6,0.375
MIL,L,0.316,0.5
MIL,L,0.357,0.378
MIL,L,0.25,0.318
MIL,L,0.4,0.286
MIL,L,0.333,0.433
MIL,W,0.478,0.4
MIL,L,0.25,0.462
MIL,L,0.304,0.4
MIL,L,0.429,0.341
MIL,L,0.391,0.379
MIL,L,0.375,0.321
MIL,W,0.412,0.393
MIL,L,0.4,0.333
MIL,L,0.286,0.484
MIL,W,0.548,0.455
MIL,W,0.286,0.333
MIL,W,0.467,0.389
MIL,L,0.389,0.348
MIL,W,0.3,0.357
MIL,L,0.367,0.357
MIL,L,0.5,0.303
MIL,W,0.4,0.421
MIL,W,0.222,0.333
MIL,W,0.424,0.267
MIL,W,0.308,0.333
MIL,W,0.412,0.111
MIL,W,0.4,0.385
MIL,L,0.538,0.519
MIL,W,0.345,0.208
MIL,W,0.167,0.379
MIL,L,0.333,0.522
MIL,W,0.438,0.19
MIL,W,0.457,0.385
MIL,W,0.296,0.364
MIL,L,0.304,0.476
MIL,W,0.467,0.25
MIL,W,0.364,0.324
MIL,W,0.389,0.233
MIL,L,0.353,0.389
MIL,L,0.167,0.321
MIL,L,0.458,0.32
MIL,W,0.222,0.258
MIL,W,0.593,0.278
MIL,L,0.261,0.324
MIN,L,0.333,0.458
MIN,L,0.318,0.346
MIN,W,0.6,0.167
MIN,L,0.409,0.273
MIN,L,0.211,0.438
MIN,L,0.429,0.364
MIN,W,0.565,0.333
MIN,L,0.364,0.458
MIN,W,0.481,0.333
MIN,L,0.429,0.458
MIN,W,0.24,0.281
MIN,L,0.318,0.111
MIN,L,0.167,0.316
MIN,L,0.176,0.375
MIN,W,0.318,0.231
MIN,L,0.286,0.5
MIN,L,0.368,0.222
MIN,L,0.211,0.406
MIN,L,0.357,0.387
MIN,W,0.37,0.389
MIN,L,0.35,0.458
MIN,L,0.321,0.444
MIN,L,0.188,0.483
MIN,L,0.375,0.406
MIN,W,0.286,0.267
MIN,L,0.333,0.333
MIN,W,0.368,0.429
MIN,W,0.31,0.269
MIN,L,0.375,0.517
MIN,L,0.333,0.333
MIN,W,0.484,0.25
MIN,L,0.28,0.357
MIN,W,0.52,0.444
MIN,L,0.304,0.273
MIN,L,0.292,0.219
MIN,L,0.389,0.545
MIN,L,0.35,0.348
MIN,W,0.375,0.464
MIN,W,0.348,0.357
MIN,W,0.278,0.15
MIN,L,0.238,0.414
MIN,L,0.462,0.444
MIN,W,0.313,0.182
MIN,W,0.4,0.292
MIN,W,0.353,0.368
MIN,L,0.37,0.556
MIN,W,0.45,0.333
MIN,W,0.414,0.286
MIN,L,0.333,0.405
MIN,L,0.294,0.423
MIN,L,0.385,0.357
MIN,L,0.455,0.536
MIN,W,0.368,0.393
MIN,L,0.222,0.48
MIN,W,0.25,0.4
MIN,L,0.391,0.333
MIN,W,0.333,0.324
MIN,W,0.385,0.242
MIN,L,0.346,0.379
MIN,W,0.348,0.353
MIN,W,0.5,0.211
MIN,L,0.25,0.25
MIN,W,0.25,0.375
MIN,W,0.286,0.292
MIN,L,0.385,0.4
MIN,W,0.476,0.269
MIN,L,0.296,0.394
MIN,L,0.167,0.308
MIN,L,0.36,0.467
MIN,L,0.467,0.333
MIN,L,0.333,0.609
MIN,L,0.2,0.5
MIN,W,0.45,0.278
MIN,W,0.476,0.333
MIN,L,0.333,0.579
MIN,W,0.444,0.344
MIN,L,0.211,0.438
MIN,L,0.222,0.424
MIN,L,0.438,0.56
MIN,L,0.2,0.37
MIN,L,0.25,0.318
MIN,L,0.478,0.339
NOP,L,0.158,0.333
NOP,L,0.227,0.321
NOP,L,0.182,0.417
NOP,L,0.346,0.313
NOP,L,0.324,0.296
NOP,L,0.333,0.333
NOP,L,0.333,0.457
NOP,L,0.238,0.32
NOP,W,0.36,0.333
NOP,L,0.3,0.533
NOP,W,0.286,0.293
NOP,L,0.333,0.37
NOP,W,0.375,0.353
NOP,W,0.389,0.349
NOP,W,0.44,0.345
NOP,W,0.375,0.176
NOP,L,0.565,0.375
NOP,L,0.25,0.37
NOP,W,0.258,0.167
NOP,L,0.25,0.417
NOP,L,0.214,0.214
NOP,L,0.313,0.382
NOP,L,0.28,0.3
NOP,L,0.421,0.472
NOP,W,0.4,0.341
NOP,L,0.4,0.412
NOP,W,0.37,0.143
NOP,L,0.333,0.393
NOP,L,0.385,0.5
NOP,W,0.588,0.333
NOP,L,0.4,0.393
NOP,W,0.393,0.4
NOP,W,0.48,0.406
NOP,W,0.345,0.297
NOP,W,0.414,0.304
NOP,L,0.423,0.194
NOP,L,0.429,0.391
NOP,L,0.323,0.5
NOP,W,0.444,0.379
NOP,W,0.344,0.214
NOP,L,0.304,0.4
NOP,L,0.4,0.263
NOP,W,0.417,0.344
NOP,L,0.324,0.5
NOP,W,0.41,0.405
NOP,L,0.407,0.37
NOP,W,0.433,0.429
NOP,L,0.313,0.476
NOP,L,0.4,0.323
NOP,L,0.238,0.385
NOP,L,0.294,0.323
NOP,W,0.346,0.185
NOP,L,0.208,0.438
NOP,W,0.48,0.222
NOP,L,0.419,0.355
NOP,W,0.286,0.348
NOP,W,0.444,0.182
NOP,L,0.194,0.392
NOP,L,0.208,0.462
NOP,L,0.381,0.286
NOP,W,0.36,0.13
NOP,L,0.32,0.222
NOP,W,0.375,0.357
NOP,L,0.303,0.37
NOP,L,0.31,0.381
NOP,W,0.412,0.283
NOP,W,0.286,0.344
NOP,L,0.409,0.457
NOP,W,0.353,0.325
NOP,W,0.467,0.36
NOP,W,0.31,0.257
NOP,L,0.368,0.359
NOP,W,0.333,0.24
NOP,L,0.4,0.556
NOP,W,0.4,0.519
NOP,W,0.303,0.3
NOP,L,0.333,0.5
NOP,L,0.438,0.433
NOP,L,0.13,0.406
NOP,L,0.238,0.303
NOP,L,0.318,0.364
NOP,W,0.333,0.433
NYK,L,0.333,0.371
NYK,W,0.286,0.36
NYK,L,0.318,0.615
NYK,L,0.4,0.375
NYK,W,0.429,0.348
NYK,L,0.4,0.32
NYK,W,0.333,0.333
NYK,L,0.261,0.407
NYK,L,0.304,0.318
NYK,W,0.36,0.185
NYK,W,0.36,0.348
NYK,L,0.414,0.6
NYK,W,0.37,0.286
NYK,W,0.31,0.273
NYK,W,0.393,0.276
NYK,L,0.375,0.364
NYK,L,0.316,0.364
NYK,W,0.406,0.211
NYK,W,0.387,0.357
NYK,W,0.379,0.321
NYK,W,0.28,0.44
NYK,L,0.355,0.55
NYK,W,0.345,0.25
NYK,W,0.455,0.357
NYK,L,0.35,0.3
NYK,L,0.238,0.281
NYK,L,0.348,0.37
NYK,W,0.565,0.261
NYK,W,0.45,0.185
NYK,L,0.348,0.389
NYK,L,0.259,0.259
NYK,L,0.304,0.414
NYK,L,0.313,0.382
NYK,L,0.381,0.484
NYK,L,0.464,0.321
NYK,W,0.565,0.545
NYK,L,0.387,0.458
NYK,L,0.379,0.444
NYK,L,0.182,0.25
NYK,W,0.304,0.167
NYK,L,0.414,0.364
NYK,L,0.308,0.375
NYK,W,0.4,0.273
NYK,L,0.292,0.406
NYK,L,0.524,0.375
NYK,W,0.364,0.269
NYK,L,0.304,0.231
NYK,W,0.333,0.351
NYK,L,0.353,0.323
NYK,L,0.208,0.318
NYK,W,0.222,0.2
NYK,L,0.387,0.4
NYK,L,0.333,0.286
NYK,L,0.296,0.4
NYK,L,0.421,0.5
NYK,W,0.643,0.207
NYK,L,0.524,0.522
NYK,L,0.308,0.395
NYK,W,0.286,0.226
NYK,L,0.375,0.269
NYK,W,0.276,0.2
NYK,L,0.333,0.321
NYK,L,0.318,0.371
NYK,W,0.429,0.281
NYK,L,0.333,0.308
NYK,L,0.433,0.333
NYK,L,0.348,0.5
NYK,W,0.321,0.276
NYK,L,0.167,0.313
NYK,L,0.25,0.323
NYK,L,0.429,0.25
NYK,L,0.227,0.524
NYK,L,0.3,0.4
NYK,W,0.333,0.391
NYK,L,0.2,0.48
NYK,W,0.375,0.242
NYK,L,0.28,0.324
NYK,W,0.261,0.222
NYK,L,0.35,0.412
NYK,L,0.214,0.556
NYK,L,0.321,0.323
NYK,W,0.409,0.304
OKC,W,0.273,0.292
OKC,W,0.238,0.179
OKC,W,0.346,0.219
OKC,W,0.25,0.318
OKC,L,0.37,0.467
OKC,W,0.438,0.211
OKC,W,0.321,0.235
OKC,L,0.353,0.423
OKC,L,0.571,0.407
OKC,L,0.28,0.458
OKC,L,0.185,0.313
OKC,W,0.48,0.35
OKC,W,0.269,0.379
OKC,L,0.278,0.5
OKC,L,0.407,0.519
OKC,L,0.28,0.429
OKC,W,0.5,0.353
OKC,W,0.348,0.053
OKC,W,0.364,0.316
OKC,W,0.4,0.357
OKC,W,0.214,0.214
OKC,W,0.323,0.318
OKC,L,0.25,0.262
OKC,W,0.143,0.344
OKC,L,0.296,0.348
OKC,L,0.316,0.565
OKC,W,0.438,0.364
OKC,L,0.286,0.391
OKC,W,0.393,0.4
OKC,W,0.423,0.321
OKC,W,0.333,0.333
OKC,W,0.263,0.318
OKC,L,0.182,0.591
OKC,W,0.345,0.267
OKC,L,0.333,0.368
OKC,L,0.3,0.375
OKC,L,0.4,0.385
OKC,W,0.333,0.375
OKC,W,0.292,0.368
OKC,W,0.308,0.292
OKC,L,0.15,0.278
OKC,W,0.321,0.36
OKC,L,0.333,0.429
OKC,L,0.286,0.476
OKC,W,0.3,0.238
OKC,W,0.37,0.407
OKC,W,0.409,0.423
OKC,L,0.231,0.276
OKC,L,0.25,0.333
OKC,L,0.27,0.4
OKC,W,0.5,0.158
OKC,W,0.222,0.357
OKC,L,0.25,0.308
OKC,W,0.296,0.476
OKC,L,0.25,0.419
OKC,L,0.206,0.65
OKC,W,0.522,0.524
OKC,W,0.417,0.2
OKC,W,0.286,0.381
OKC,W,0.682,0.409
OKC,L,0.379,0.4
OKC,L,0.257,0.238
OKC,L,0.091,0.28
OKC,L,0.4,0.478
OKC,W,0.3,0.316
OKC,W,0.348,0.45
OKC,W,0.455,0.5
OKC,W,0.56,0.25
OKC,W,0.385,0.238
OKC,L,0.19,0.455
OKC,W,0.25,0.32
OKC,L,0.367,0.513
OKC,W,0.261,0.345
OKC,W,0.303,0.3
OKC,L,0.286,0.333
OKC,L,0.387,0.367
OKC,W,0.321,0.167
OKC,W,0.452,0.346
OKC,L,0.233,0.444
OKC,W,0.24,0.324
OKC,W,0.318,0.25
OKC,L,0.32,0.28
ORL,L,0.333,0.25
ORL,L,0.308,0.368
ORL,L,0.286,0.297
ORL,W,0.24,0.45
ORL,W,0.333,0.389
ORL,W,0.321,0.353
ORL,L,0.3,0.158
ORL,L,0.333,0.565
ORL,L,0.4,0.25
ORL,W,0.458,0.28
ORL,L,0.2,0.32
ORL,W,0.37,0.333
ORL,W,0.381,0.464
ORL,L,0.28,0.276
ORL,L,0.28,0.409
ORL,L,0.304,0.207
ORL,L,0.25,0.333
ORL,W,0.4,0.25
ORL,L,0.25,0.389
ORL,W,0.5,0.281
ORL,W,0.304,0.37
ORL,W,0.462,0.478
ORL,L,0.423,0.269
ORL,L,0.265,0.409
ORL,L,0.407,0.421
ORL,W,0.441,0.393
ORL,L,0.424,0.52
ORL,W,0.241,0.407
ORL,L,0.143,0.259
ORL,W,0.5,0.4
ORL,L,0.185,0.45
ORL,W,0.407,0.348
ORL,W,0.5,0.4
ORL,L,0.265,0.417
ORL,L,0.263,0.409
ORL,W,0.484,0.381
ORL,L,0.321,0.526
ORL,L,0.348,0.306
ORL,L,0.269,0.25
ORL,L,0.222,0.346
ORL,W,0.556,0.294
ORL,L,0.353,0.269
ORL,L,0.32,0.333
ORL,L,0.344,0.417
ORL,W,0.286,0.4
ORL,L,0.25,0.452
ORL,L,0.318,0.318
ORL,L,0.36,0.471
ORL,W,0.435,0.429
ORL,L,0.286,0.414
ORL,L,0.25,0.45
ORL,W,0.357,0.357
ORL,L,0.259,0.357
ORL,L,0.24,0.421
ORL,L,0.476,0.393
ORL,L,0.13,0.486
ORL,W,0.571,0.273
ORL,L,0.222,0.258
ORL,L,0.318,0.5
ORL,W,0.296,0.32
ORL,L,0.2,0.276
ORL,W,0.294,0.286
ORL,L,0.4,0.538
ORL,L,0.281,0.429
ORL,W,0.28,0.429
ORL,L,0.185,0.476
ORL,L,0.19,0.385
ORL,L,0.382,0.533
ORL,L,0.259,0.385
ORL,W,0.304,0.143
ORL,W,0.174,0.265
ORL,L,0.35,0.333
ORL,W,0.462,0.091
ORL,L,0.2,0.667
ORL,L,0.3,0.303
ORL,L,0.4,0.364
ORL,L,0.4,0.258
ORL,L,0.333,0.5
ORL,W,0.36,0.367
ORL,L,0.467,0.5
ORL,L,0.185,0.462
ORL,W,0.52,0.306
PHI,L,0.292,0.273
PHI,L,0.278,0.25
PHI,L,0.45,0.24
PHI,L,0.316,0.382
PHI,L,0.368,0.368
PHI,L,0.333,0.579
PHI,L,0.389,0.474
PHI,W,0.344,0.263
PHI,L,0.379,0.406
PHI,L,0.227,0.425
PHI,W,0.357,0.348
PHI,L,0.281,0.24
PHI,W,0.486,0.286
PHI,W,0.423,0.226
PHI,L,0.333,0.345
PHI,L,0.409,0.286
PHI,L,0.441,0.3
PHI,L,0.412,0.684
PHI,L,0.281,0.5
PHI,L,0.455,0.308
PHI,L,0.355,0.37
PHI,L,0.341,0.118
PHI,W,0.3,0.28
PHI,W,0.412,0.263
PHI,L,0.31,0.345
PHI,L,0.194,0.3
PHI,W,0.429,0.353
PHI,L,0.333,0.588
PHI,L,0.419,0.462
PHI,L,0.36,0.28
PHI,L,0.25,0.577
PHI,W,0.485,0.407
PHI,W,0.219,0.292
PHI,L,0.321,0.475
PHI,W,0.296,0.37
PHI,W,0.25,0.182
PHI,W,0.368,0.261
PHI,L,0.323,0.471
PHI,W,0.378,0.357
PHI,W,0.333,0.25
PHI,W,0.414,0.316
PHI,L,0.414,0.35
PHI,W,0.345,0.529
PHI,W,0.462,0.25
PHI,L,0.4,0.387
PHI,L,0.357,0.571
PHI,W,0.355,0.448
PHI,L,0.273,0.385
PHI,L,0.36,0.286
PHI,L,0.261,0.545
PHI,L,0.179,0.227
PHI,L,0.382,0.5
PHI,W,0.393,0.476
PHI,W,0.36,0.292
PHI,W,0.364,0.355
PHI,L,0.258,0.464
PHI,W,0.345,0.208
PHI,L,0.226,0.286
PHI,L,0.294,0.207
PHI,L,0.353,0.433
PHI,W,0.321,0.333
PHI,L,0.412,0.435
PHI,L,0.267,0.424
PHI,L,0.379,0.286
PHI,L,0.333,0.32
PHI,W,0.417,0.2
PHI,L,0.296,0.438
PHI,W,0.414,0.217
PHI,W,0.364,0.207
PHI,L,0.265,0.174
PHI,L,0.32,0.25
PHI,W,0.32,0.417
PHI,L,0.341,0.412
PHI,W,0.303,0.281
PHI,L,0.282,0.5
PHI,L,0.333,0.448
PHI,L,0.306,0.316
PHI,L,0.316,0.516
PHI,L,0.212,0.32
PHI,L,0.258,0.222
PHI,L,0.394,0.313
PHI,L,0.304,0.409
PHO,L,0.25,0.286
PHO,L,0.179,0.238
PHO,L,0.348,0.276
PHO,L,0.333,0.375
PHO,W,0.313,0.364
PHO,W,0.333,0.333
PHO,L,0.3,0.435
PHO,L,0.333,0.452
PHO,W,0.364,0.409
PHO,L,0.242,0.432
PHO,L,0.333,0.485
PHO,L,0.4,0.471
PHO,W,0.346,0.143
PHO,L,0.286,0.486
PHO,L,0.407,0.357
PHO,W,0.409,0.28
PHO,L,0.231,0.318
PHO,L,0.44,0.448
PHO,W,0.476,0.36
PHO,L,0.344,0.667
PHO,L,0.333,0.444
PHO,L,0.273,0.304
PHO,W,0.433,0.346
PHO,L,0.341,0.4
PHO,W,0.3,0.35
PHO,L,0.37,0.313
PHO,L,0.364,0.438
PHO,L,0.429,0.368
PHO,L,0.36,0.474
PHO,W,0.462,0.419
PHO,L,0.233,0.349
PHO,L,0.438,0.294
PHO,W,0.429,0.259
PHO,L,0.412,0.4
PHO,L,0.133,0.438
PHO,W,0.391,0.261
PHO,W,0.412,0.31
PHO,L,0.333,0.441
PHO,L,0.556,0.441
PHO,W,0.381,0.45
PHO,L,0.227,0.348
PHO,L,0.211,0.452
PHO,W,0.375,0.524
PHO,W,0.409,0.259
PHO,L,0.368,0.353
PHO,L,0.417,0.391
PHO,L,0.286,0.32
PHO,L,0.263,0.571
PHO,L,0.35,0.263
PHO,W,0.414,0.37
PHO,L,0.393,0.412
PHO,L,0.185,0.346
PHO,L,0.217,0.583
PHO,W,0.421,0.263
PHO,L,0.364,0.5
PHO,L,0.348,0.286
PHO,W,0.417,0.346
PHO,L,0.333,0.462
PHO,L,0.357,0.3
PHO,L,0.333,0.48
PHO,W,0.368,0.294
PHO,W,0.238,0.257
PHO,W,0.2,0.351
PHO,L,0.481,0.389
PHO,L,0.316,0.444
PHO,W,0.286,0.346
PHO,L,0.357,0.318
PHO,L,0.24,0.429
PHO,L,0.143,0.304
PHO,L,0.273,0.48
PHO,L,0.25,0.407
PHO,L,0.28,0.276
PHO,L,0.316,0.341
PHO,L,0.375,0.467
PHO,L,0.226,0.222
PHO,L,0.304,0.545
PHO,L,0.3,0.405
PHO,L,0.235,0.368
PHO,L,0.259,0.433
PHO,W,0.444,0.233
PHO,W,0.421,0.356
PHO,L,0.267,0.474
POR,W,0.684,0.333
POR,L,0.222,0.276
POR,W,0.313,0.261
POR,L,0.359,0.385
POR,L,0.364,0.313
POR,W,0.387,0.357
POR,W,0.424,0.231
POR,W,0.452,0.333
POR,L,0.2,0.344
POR,W,0.394,0.286
POR,W,0.276,0.379
POR,L,0.265,0.35
POR,L,0.357,0.438
POR,L,0.353,0.375
POR,W,0.417,0.286
POR,L,0.273,0.31
POR,L,0.448,0.583
POR,W,0.375,0.565
POR,L,0.364,0.472
POR,W,0.375,0.429
POR,W,0.375,0.273
POR,W,0.375,0.304
POR,L,0.425,0.417
POR,L,0.25,0.3
POR,L,0.432,0.517
POR,L,0.476,0.478
POR,W,0.348,0.296
POR,L,0.348,0.484
POR,L,0.286,0.5
POR,L,0.143,0.435
POR,L,0.37,0.226
POR,L,0.4,0.6
POR,L,0.348,0.353
POR,W,0.48,0.321
POR,L,0.3,0.5
POR,W,0.273,0.304
POR,L,0.462,0.361
POR,W,0.364,0.323
POR,L,0.429,0.32
POR,W,0.333,0.375
POR,W,0.333,0.3
POR,L,0.294,0.556
POR,L,0.308,0.565
POR,L,0.258,0.423
POR,L,0.316,0.414
POR,W,0.4,0.371
POR,W,0.267,0.367
POR,W,0.457,0.346
POR,L,0.37,0.308
POR,W,0.355,0.355
POR,L,0.3,0.548
POR,L,0.357,0.222
POR,W,0.393,0.429
POR,L,0.346,0.333
POR,L,0.381,0.286
POR,L,0.409,0.5
POR,W,0.5,0.318
POR,L,0.429,0.35
POR,L,0.4,0.28
POR,W,0.4,0.379
POR,W,0.64,0.467
POR,W,0.478,0.4
POR,W,0.286,0.379
POR,L,0.5,0.48
POR,W,0.318,0.357
POR,L,0.344,0.286
POR,W,0.409,0.423
POR,W,0.444,0.269
POR,W,0.5,0.3
POR,L,0.19,0.438
POR,W,0.524,0.227
POR,W,0.5,0.2
POR,W,0.429,0.238
POR,W,0.296,0.3
POR,W,0.394,0.235
POR,W,0.405,0.3
POR,L,0.344,0.444
POR,L,0.231,0.565
POR,W,0.424,0.222
POR,W,0.433,0.316
POR,W,0.444,0.381
POR,L,0.433,0.333
SAC,W,0.286,0.25
SAC,L,0.3,0.333
SAC,W,0.346,0.318
SAC,L,0.435,0.367
SAC,L,0.217,0.448
SAC,L,0.389,0.333
SAC,L,0.357,0.424
SAC,W,0.313,0.233
SAC,W,0.32,0.238
SAC,L,0.381,0.333
SAC,L,0.286,0.394
SAC,L,0.45,0.367
SAC,L,0.385,0.448
SAC,W,0.407,0.375
SAC,W,0.429,0.28
SAC,L,0.281,0.42
SAC,W,0.565,0.4
SAC,L,0.143,0.4
SAC,L,0.231,0.393
SAC,L,0.321,0.379
SAC,W,0.455,0.333
SAC,L,0.25,0.345
SAC,L,0.346,0.448
SAC,W,0.435,0.435
SAC,L,0.344,0.524
SAC,W,0.292,0.2
SAC,L,0.258,0.394
SAC,W,0.435,0.143
SAC,W,0.476,0.333
SAC,W,0.517,0.375
SAC,W,0.28,0.36
SAC,L,0.321,0.48
SAC,L,0.393,0.486
SAC,W,0.379,0.474
SAC,L,0.4,0.429
SAC,L,0.3,0.419
SAC,L,0.393,0.345
SAC,W,0.565,0.444
SAC,L,0.36,0.405
SAC,L,0.36,0.321
SAC,L,0.429,0.333
SAC,L,0.207,0.393
SAC,L,0.346,0.353
SAC,W,0.429,0.357
SAC,W,0.355,0.395
SAC,L,0.52,0.357
SAC,W,0.407,0.324
SAC,L,0.448,0.355
SAC,L,0.276,0.311
SAC,L,0.37,0.414
SAC,W,0.304,0.341
SAC,L,0.393,0.316
SAC,W,0.4,0.313
SAC,W,0.5,0.367
SAC,W,0.355,0.419
SAC,W,0.292,0.414
SAC,L,0.292,0.361
SAC,W,0.5,0.343
SAC,L,0.393,0.368
SAC,L,0.353,0.348
SAC,L,0.5,0.393
SAC,L,0.471,0.303
SAC,L,0.375,0.433
SAC,L,0.368,0.483
SAC,L,0.522,0.346
SAC,L,0.348,0.265
SAC,W,0.533,0.382
SAC,W,0.429,0.24
SAC,L,0.238,0.385
SAC,L,0.7,0.393
SAC,L,0.385,0.457
SAC,L,0.476,0.323
SAC,W,0.464,0.345
SAC,W,0.24,0.192
SAC,L,0.133,0.419
SAC,L,0.3,0.303
SAC,W,0.579,0.333
SAC,W,0.545,0.279
SAC,L,0.4,0.167
SAC,L,0.29,0.419
SAC,W,0.474,0.267
SAC,L,0.455,0.357
SAS,W,0.5,0.212
SAS,W,0.333,0.3
SAS,W,0.417,0.182
SAS,W,0.556,0.35
SAS,L,0.3,0.484
SAS,W,0.3,0.423
SAS,L,0.4,0.391
SAS,L,0.304,0.333
SAS,W,0.45,0.2
SAS,W,0.278,0.319
SAS,W,0.533,0.267
SAS,W,0.367,0.45
SAS,W,0.417,0.48
SAS,W,0.4,0.296
SAS,W,0.419,0.55
SAS,W,0.458,0.353
SAS,W,0.375,0.273
SAS,L,0.25,0.4
SAS,W,0.579,0.333
SAS,W,0.4,0.636
SAS,W,0.286,0.25
SAS,W,0.458,0.35
SAS,L,0.321,0.235
SAS,W,0.538,0.259
SAS,W,0.364,0.323
SAS,W,0.313,0.37
SAS,W,0.5,0.385
SAS,W,0.522,0.158
SAS,L,0.316,0.393
SAS,W,0.6,0.4
SAS,W,0.5,0.389
SAS,W,0.294,0.438
SAS,W,0.5,0.3
SAS,L,0.333,0.5
SAS,W,0.542,0.222
SAS,W,0.5,0.28
SAS,W,0.382,0.19
SAS,L,0.4,0.526
SAS,W,0.476,0.3
SAS,L,0.45,0.381
SAS,W,0.444,0.462
SAS,W,0.409,0.323
SAS,W,0.385,0.382
SAS,W,0.409,0.2
SAS,W,0.292,0.24
SAS,L,0.429,0.433
SAS,L,0.364,0.353
SAS,W,0.333,0.25
SAS,W,0.286,0.36
SAS,W,0.476,0.385
SAS,L,0.211,0.211
SAS,W,0.5,0.382
SAS,W,0.474,0.294
SAS,L,0.207,0.643
SAS,W,0.467,0.45
SAS,W,0.258,0.222
SAS,W,0.346,0.304
SAS,W,0.476,0.318
SAS,W,0.31,0.304
SAS,W,0.222,0.32
SAS,W,0.25,0.25
SAS,W,0.393,0.359
SAS,W,0.483,0.368
SAS,L,0.316,0.3
SAS,W,0.444,0.294
SAS,W,0.471,0.273
SAS,L,0.423,0.409
SAS,L,0.321,0.433
SAS,W,0.393,0.7
SAS,W,0.333,0.467
SAS,W,0.308,0.345
SAS,W,0.4,0.3
SAS,W,0.269,0.154
SAS,L,0.375,0.5
SAS,W,0.333,0.286
SAS,W,0.526,0.375
SAS,W,0.524,0.32
SAS,L,0.371,0.5
SAS,W,0.321,0.308
SAS,L,0.364,0.273
SAS,L,0.381,0.444
SAS,L,0.381,0.385
TOR,W,0.167,0.182
TOR,L,0.25,0.375
TOR,W,0.25,0.409
TOR,W,0.4,0.3
TOR,W,0.24,0.321
TOR,L,0.233,0.313
TOR,W,0.423,0.353
TOR,W,0.273,0.415
TOR,W,0.318,0.304
TOR,L,0.448,0.394
TOR,L,0.4,0.361
TOR,W,0.348,0.16
TOR,L,0.375,0.407
TOR,L,0.421,0.4
TOR,W,0.522,0.333
TOR,W,0.438,0.414
TOR,W,0.684,0.412
TOR,W,0.5,0.407
TOR,W,0.414,0.231
TOR,W,0.542,0.25
TOR,L,0.406,0.438
TOR,W,0.444,0.321
TOR,W,0.45,0.405
TOR,W,0.56,0.167
TOR,W,0.345,0.31
TOR,L,0.476,0.44
TOR,W,0.259,0.143
TOR,W,0.444,0.286
TOR,W,0.381,0.37
TOR,W,0.353,0.348
TOR,L,0.371,0.609
TOR,L,0.259,0.429
TOR,W,0.588,0.469
TOR,L,0.222,0.542
TOR,W,0.381,0.35
TOR,L,0.258,0.393
TOR,L,0.44,0.289
TOR,W,0.455,0.333
TOR,W,0.393,0.472
TOR,W,0.364,0.414
TOR,W,0.526,0.269
TOR,L,0.25,0.333
TOR,L,0.233,0.48
TOR,L,0.259,0.409
TOR,L,0.24,0.292
TOR,L,0.294,0.455
TOR,W,0.4,0.304
TOR,L,0.429,0.435
TOR,W,0.323,0.4
TOR,L,0.258,0.333
TOR,L,0.357,0.357
TOR,W,0.263,0.382
TOR,W,0.417,0.371
TOR,L,0.393,0.368
TOR,L,0.5,0.258
TOR,L,0.25,0.412
TOR,W,0.375,0.342
TOR,W,0.333,0.316
TOR,W,0.35,0.429
TOR,W,0.269,0.375
TOR,L,0.35,0.36
TOR,W,0.44,0.333
TOR,L,0.333,0.222
TOR,W,0.381,0.31
TOR,L,0.16,0.364
TOR,L,0.133,0.393
TOR,W,0.36,0.28
TOR,L,0.25,0.56
TOR,W,0.333,0.15
TOR,W,0.444,0.261
TOR,W,0.348,0.378
TOR,W,0.261,0.261
TOR,W,0.429,0.25
TOR,W,0.667,0.2
TOR,L,0.355,0.5
TOR,W,0.519,0.423
TOR,W,0.316,0.306
TOR,L,0.217,0.48
TOR,W,0.333,0.333
TOR,W,0.45,0.348
TOR,W,0.323,0.321
TOR,W,0.308,0.27
UTA,L,0.333,0.684
UTA,W,0.24,0.391
UTA,L,0.368,0.222
UTA,W,0.484,0.3
UTA,W,0.48,0.269
UTA,L,0.423,0.3
UTA,W,0.32,0.4
UTA,W,0.579,0.333
UTA,L,0.235,0.308
UTA,W,0.25,0.4
UTA,W,0.3,0.294
UTA,L,0.286,0.381
UTA,L,0.2,0.294
UTA,L,0.444,0.375
UTA,L,0.259,0.364
UTA,W,0.308,0.333
UTA,W,0.294,0.32
UTA,W,0.222,0.368
UTA,W,0.536,0.367
UTA,L,0.567,0.421
UTA,W,0.36,0.542
UTA,W,0.406,0.357
UTA,W,0.444,0.333
UTA,L,0.263,0.414
UTA,W,0.448,0.346
UTA,W,0.565,0.316
UTA,W,0.364,0.429
UTA,W,0.296,0.087
UTA,L,0.3,0.391
UTA,L,0.333,0.476
UTA,L,0.37,0.381
UTA,W,0.346,0.25
UTA,W,0.577,0.25
UTA,W,0.4,0.412
UTA,W,0.292,0.222
UTA,L,0.423,0.548
UTA,L,0.35,0.381
UTA,W,0.348,0.35
UTA,L,0.391,0.375
UTA,W,0.382,0.29
UTA,W,0.516,0.353
UTA,W,0.269,0.353
UTA,W,0.348,0.227
UTA,W,0.348,0.348
UTA,W,0.25,0.5
UTA,L,0.238,0.3
UTA,L,0.318,0.385
UTA,W,0.231,0.286
UTA,L,0.4,0.423
UTA,W,0.379,0.391
UTA,W,0.394,0.394
UTA,W,0.385,0.353
UTA,W,0.438,0.208
UTA,L,0.448,0.25
UTA,L,0.258,0.433
UTA,L,0.174,0.36
UTA,W,0.5,0.409
UTA,W,0.348,0.389
UTA,W,0.458,0.364
UTA,L,0.409,0.682
UTA,L,0.211,0.5
UTA,W,0.462,0.233
UTA,W,0.303,0.471
UTA,W,0.37,0.303
UTA,W,0.387,0.25
UTA,L,0.45,0.348
UTA,W,0.667,0.4
UTA,W,0.464,0.231
UTA,L,0.238,0.273
UTA,L,0.28,0.368
UTA,L,0.24,0.5
UTA,W,0.25,0.429
UTA,L,0.308,0.259
UTA,W,0.556,0.4
UTA,W,0.419,0.133
UTA,W,0.4,0.294
UTA,L,0.375,0.526
UTA,W,0.565,0.231
UTA,W,0.56,0.438
UTA,L,0.316,0.433
UTA,W,0.371,0.36
UTA,W,0.385,0.381
WAS,L,0.3,0.462
WAS,L,0.2,0.484
WAS,L,0.3,0.4
WAS,W,0.25,0.2
WAS,L,0.353,0.321
WAS,L,0.37,0.459
WAS,W,0.476,0.323
WAS,L,0.2,0.424
WAS,L,0.308,0.333
WAS,L,0.348,0.357
WAS,W,0.6,0.414
WAS,L,0.407,0.481
WAS,W,0.357,0.407
WAS,W,0.207,0.304
WAS,L,0.273,0.375
WAS,W,0.4,0.143
WAS,L,0.357,0.4
WAS,L,0.636,0.4
WAS,W,0.412,0.407
WAS,L,0.478,0.462
WAS,W,0.316,0.219
WAS,W,0.381,0.52
WAS,L,0.217,0.346
WAS,W,0.278,0.424
WAS,W,0.48,0.357
WAS,W,0.526,0.292
WAS,L,0.242,0.333
WAS,W,0.167,0.286
WAS,L,0.292,0.36
WAS,W,0.414,0.3
WAS,W,0.364,0.393
WAS,W,0.5,0.4
WAS,L,0.231,0.308
WAS,L,0.367,0.531
WAS,W,0.545,0.389
WAS,W,0.313,0.391
WAS,W,0.5,0.37
WAS,L,0.385,0.415
WAS,W,0.471,0.323
WAS,W,0.565,0.308
WAS,W,0.276,0.32
WAS,W,0.406,0.292
WAS,L,0.308,0.393
WAS,W,0.4,0.25
WAS,W,0.45,0.303
WAS,W,0.419,0.29
WAS,W,0.476,0.313
WAS,W,0.318,0.208
WAS,W,0.364,0.308
WAS,W,0.323,0.294
WAS,L,0.414,0.5
WAS,W,0.36,0.273
WAS,W,0.345,0.19
WAS,W,0.65,0.206
WAS,W,0.517,0.222
WAS,L,0.208,0.345
WAS,L,0.364,0.458
WAS,W,0.429,0.276
WAS,W,0.36,0.35
WAS,L,0.333,0.44
WAS,W,0.538,0.4
WAS,W,0.389,0.481
WAS,W,0.423,0.464
WAS,W,0.346,0.522
WAS,W,0.48,0.5
WAS,L,0.269,0.476
WAS,L,0.4,0.438
WAS,W,0.385,0.259
WAS,L,0.333,0.375
WAS,L,0.229,0.303
WAS,W,0.324,0.32
WAS,W,0.385,0.2
WAS,W,0.444,0.364
WAS,W,0.261,0.364
WAS,L,0.382,0.4
WAS,L,0.294,0.4
WAS,L,0.37,0.444
WAS,W,0.5,0.353
WAS,W,0.412,0.35
WAS,L,0.364,0.389
WAS,W,0.368,0.385
WAS,L,0.269,0.333
ATL,W,0.5,0.378
ATL,L,0.233,0.306
ATL,L,0.259,0.407
ATL,L,0.412,0.378
ATL,L,0.393,0.219
ATL,L,0.424,0.2
ATL,L,0.448,0.5
ATL,L,0.348,0.371
ATL,L,0.333,0.34
ATL,W,0.44,0.278
ATL,L,0.5,0.389
ATL,L,0.333,0.4
ATL,L,0.424,0.292
ATL,L,0.472,0.394
ATL,W,0.5,0.214
ATL,L,0.375,0.471
ATL,L,0.267,0.323
ATL,L,0.345,0.5
ATL,W,0.419,0.4
ATL,L,0.222,0.406
ATL,L,0.387,0.462
ATL,W,0.37,0.405
ATL,L,0.3,0.417
ATL,L,0.407,0.214
ATL,W,0.515,0.382
ATL,L,0.29,0.294
ATL,L,0.444,0.526
ATL,L,0.355,0.433
ATL,L,0.387,0.48
ATL,W,0.364,0.28
ATL,L,0.276,0.333
ATL,L,0.469,0.52
ATL,W,0.417,0.273
ATL,W,0.297,0.375
ATL,L,0.375,0.351
ATL,W,0.467,0.28
ATL,L,0.323,0.318
ATL,L,0.308,0.433
ATL,L,0.353,0.444
ATL,L,0.27,0.5
ATL,W,0.444,0.243
ATL,L,0.393,0.382
ATL,W,0.36,0.364
ATL,W,0.25,0.37
ATL,L,0.229,0.438
ATL,W,0.462,0.267
ATL,L,0.333,0.389
ATL,L,0.5,0.382
ATL,L,0.279,0.563
ATL,W,0.382,0.368
ATL,L,0.375,0.531
ATL,L,0.355,0.458
ATL,W,0.455,0.217
ATL,W,0.32,0.182
ATL,L,0.4,0.31
ATL,L,0.364,0.429
ATL,W,0.345,0.394
ATL,L,0.343,0.32
ATL,L,0.182,0.394
ATL,L,0.226,0.321
ATL,L,0.222,0.455
ATL,W,0.31,0.344
ATL,L,0.429,0.355
ATL,W,0.515,0.423
ATL,L,0.286,0.278
ATL,L,0.303,0.5
ATL,L,0.475,0.459
ATL,L,0.419,0.457
ATL,L,0.444,0.515
ATL,L,0.333,0.44
ATL,W,0.273,0.176
ATL,L,0.333,0.476
ATL,L,0.344,0.4
ATL,L,0.275,0.385
BOS,L,0.25,0.227
BOS,L,0.393,0.333
BOS,W,0.345,0.313
BOS,W,0.483,0.083
BOS,W,0.367,0.44
BOS,W,0.261,0.226
BOS,W,0.355,0.462
BOS,W,0.415,0.3
BOS,W,0.464,0.371
BOS,W,0.333,0.207
BOS,W,0.389,0.5
BOS,W,0.241,0.208
BOS,W,0.29,0.273
BOS,W,0.385,0.417
BOS,W,0.333,0.4
BOS,W,0.219,0.313
BOS,W,0.471,0.375
BOS,W,0.361,0.212
BOS,L,0.346,0.357
BOS,W,0.405,0.375
BOS,W,0.4,0.304
BOS,L,0.485,0.44
BOS,W,0.414,0.5
BOS,W,0.452,0.292
BOS,W,0.455,0.429
BOS,W,0.353,0.321
BOS,L,0.289,0.296
BOS,W,0.367,0.303
BOS,L,0.25,0.414
BOS,W,0.44,0.321
BOS,L,0.29,0.52
BOS,W,0.467,0.412
BOS,W,0.615,0.333
BOS,L,0.406,0.357
BOS,L,0.342,0.571
BOS,W,0.375,0.368
BOS,L,0.483,0.231
BOS,W,0.441,0.304
BOS,W,0.276,0.326
BOS,W,0.424,0.306
BOS,W,0.333,0.25
BOS,W,0.167,0.304
BOS,W,0.278,0.194
BOS,W,0.371,0.393
BOS,L,0.38,0.259
BOS,L,0.241,0.353
BOS,L,0.296,0.286
BOS,L,0.341,0.269
BOS,W,0.35,0.238
BOS,L,0.5,0.37
BOS,W,0.472,0.303
BOS,W,0.423,0.176
BOS,W,0.458,0.355
BOS,W,0.417,0.419
BOS,L,0.435,0.472
BOS,W,0.346,0.462
BOS,L,0.259,0.25
BOS,L,0.263,0.533
BOS,L,0.484,0.379
BOS,W,0.436,0.303
BOS,W,0.394,0.222
BOS,W,0.324,0.217
BOS,W,0.6,0.333
BOS,L,0.542,0.388
BOS,W,0.333,0.364
BOS,W,0.344,0.387
BOS,L,0.324,0.545
BOS,L,0.462,0.375
BOS,W,0.346,0.179
BOS,L,0.346,0.333
BOS,W,0.361,0.37
BOS,W,0.611,0.242
BOS,W,0.545,0.269
BRK,L,0.4,0.265
BRK,W,0.333,0.545
BRK,W,0.407,0.259
BRK,L,0.314,0.348
BRK,W,0.37,0.343
BRK,L,0.379,0.333
BRK,L,0.387,0.55
BRK,L,0.29,0.455
BRK,L,0.237,0.429
BRK,W,0.25,0.24
BRK,L,0.314,0.265
BRK,W,0.316,0.348
BRK,L,0.304,0.379
BRK,L,0.4,0.333
BRK,W,0.459,0.462
BRK,L,0.333,0.417
BRK,L,0.378,0.412
BRK,L,0.4,0.4
BRK,W,0.448,0.32
BRK,L,0.256,0.4
BRK,W,0.379,0.333
BRK,L,0.405,0.37
BRK,W,0.417,0.3
BRK,W,0.297,0.292
BRK,L,0.259,0.296
BRK,W,0.233,0.182
BRK,L,0.286,0.5
BRK,L,0.304,0.25
BRK,L,0.364,0.444
BRK,L,0.357,0.368
BRK,W,0.341,0.25
BRK,L,0.444,0.435
BRK,L,0.375,0.438
BRK,L,0.5,0.515
BRK,W,0.423,0.115
BRK,L,0.306,0.424
BRK,W,0.36,0.194
BRK,W,0.467,0.091
BRK,L,0.194,0.278
BRK,L,0.364,0.294
BRK,L,0.324,0.476
BRK,W,0.382,0.393
BRK,L,0.279,0.435
BRK,L,0.344,0.563
BRK,L,0.361,0.474
BRK,W,0.281,0.318
BRK,W,0.419,0.31
BRK,L,0.421,0.28
BRK,L,0.235,0.522
BRK,L,0.3,0.19
BRK,L,0.243,0.5
BRK,W,0.406,0.389
BRK,L,0.31,0.385
BRK,L,0.31,0.421
BRK,L,0.457,0.485
BRK,L,0.333,0.375
BRK,L,0.356,0.375
BRK,L,0.3,0.375
BRK,L,0.371,0.4
BRK,L,0.326,0.524
BRK,W,0.381,0.261
BRK,L,0.375,0.5
BRK,L,0.37,0.429
BRK,L,0.422,0.37
BRK,L,0.265,0.478
BRK,W,0.344,0.211
BRK,L,0.357,0.346
BRK,L,0.417,0.355
BRK,L,0.5,0.444
BRK,W,0.389,0.545
BRK,W,0.4,0.435
BRK,L,0.351,0.188
BRK,L,0.407,0.483
BRK,L,0.459,0.429
CHO,L,0.3,0.346
CHO,W,0.306,0.233
CHO,L,0.269,0.346
CHO,W,0.419,0.258
CHO,L,0.379,0.386
CHO,W,0.333,0.333
CHO,W,0.412,0.229
CHO,W,0.56,0.528
CHO,L,0.333,0.333
CHO,L,0.321,0.417
CHO,L,0.405,0.48
CHO,L,0.273,0.29
CHO,L,0.231,0.342
CHO,L,0.476,0.5
CHO,W,0.423,0.276
CHO,W,0.423,0.222
CHO,W,0.357,0.333
CHO,L,0.379,0.333
CHO,L,0.16,0.24
CHO,L,0.474,0.438
CHO,L,0.25,0.4
CHO,W,0.176,0.313
CHO,L,0.316,0.367
CHO,L,0.345,0.333
CHO,L,0.32,0.333
CHO,W,0.52,0.346
CHO,L,0.19,0.378
CHO,L,0.37,0.355
CHO,L,0.226,0.417
CHO,W,0.45,0.167
CHO,L,0.304,0.485
CHO,L,0.462,0.276
CHO,W,0.429,0.308
CHO,L,0.304,0.441
CHO,W,0.3,0.364
CHO,L,0.333,0.357
CHO,W,0.469,0.412
CHO,W,0.364,0.25
CHO,L,0.385,0.417
CHO,W,0.333,0.343
CHO,L,0.321,0.308
CHO,W,0.476,0.517
CHO,W,0.484,0.565
CHO,L,0.259,0.464
CHO,W,0.4,0.455
CHO,L,0.286,0.346
CHO,W,0.382,0.5
CHO,L,0.208,0.308
CHO,L,0.29,0.286
CHO,W,0.531,0.375
CHO,W,0.455,0.414
CHO,W,0.263,0.517
CHO,L,0.423,0.529
CHO,L,0.394,0.29
CHO,L,0.375,0.345
CHO,L,0.435,0.486
CHO,W,0.433,0.405
CHO,W,0.524,0.326
CHO,W,0.436,0.36
CHO,W,0.457,0.222
CHO,W,0.429,0.375
CHO,L,0.333,0.6
CHO,L,0.458,0.375
CHO,L,0.238,0.293
CHO,L,0.379,0.485
CHO,L,0.211,0.344
CHO,W,0.406,0.563
CHO,L,0.269,0.409
CHO,W,0.515,0.444
CHO,L,0.273,0.462
CHO,L,0.273,0.409
CHO,W,0.188,0.351
CHO,W,0.475,0.222
CHO,W,0.48,0.293
CHI,L,0.313,0.448
CHI,L,0.286,0.083
CHI,L,0.515,0.421
CHI,W,0.219,0.393
CHI,L,0.27,0.382
CHI,L,0.25,0.387
CHI,W,0.483,0.286
CHI,L,0.262,0.29
CHI,L,0.379,0.52
CHI,L,0.259,0.414
CHI,L,0.261,0.667
CHI,L,0.379,0.267
CHI,W,0.5,0.476
CHI,L,0.333,0.259
CHI,L,0.306,0.325
CHI,L,0.238,0.4
CHI,L,0.361,0.444
CHI,L,0.424,0.406
CHI,L,0.4,0.367
CHI,L,0.375,0.387
CHI,L,0.361,0.333
CHI,L,0.265,0.361
CHI,L,0.385,0.353
CHI,W,0.333,0.345
CHI,W,0.28,0.292
CHI,W,0.414,0.25
CHI,W,0.412,0.3
CHI,W,0.364,0.273
CHI,W,0.464,0.424
CHI,W,0.333,0.185
CHI,L,0.387,0.414
CHI,L,0.368,0.375
CHI,W,0.357,0.323
CHI,W,0.357,0.174
CHI,W,0.462,0.318
CHI,L,0.229,0.444
CHI,L,0.407,0.424
CHI,L,0.394,0.395
CHI,W,0.5,0.438
CHI,L,0.313,0.484
CHI,L,0.429,0.37
CHI,W,0.455,0.455
CHI,W,0.472,0.414
CHI,W,0.41,0.333
CHI,L,0.256,0.394
CHI,W,0.438,0.229
CHI,L,0.258,0.364
CHI,L,0.297,0.5
CHI,L,0.472,0.208
CHI,L,0.353,0.464
CHI,L,0.382,0.469
CHI,L,0.324,0.36
CHI,L,0.389,0.344
CHI,W,0.346,0.364
CHI,L,0.281,0.342
CHI,W,0.281,0.323
CHI,L,0.167,0.368
CHI,L,0.529,0.379
CHI,L,0.261,0.314
CHI,L,0.261,0.381
CHI,L,0.375,0.429
CHI,W,0.37,0.448
CHI,L,0.364,0.333
CHI,W,0.379,0.345
CHI,L,0.29,0.333
CHI,W,0.459,0.475
CHI,L,0.241,0.276
CHI,W,0.366,0.371
CHI,L,0.471,0.351
CHI,L,0.1,0.314
CHI,L,0.342,0.571
CHI,L,0.462,0.5
CHI,L,0.314,0.381
CLE,W,0.227,0.25
CLE,W,0.423,0.314
CLE,L,0.28,0.486
CLE,W,0.421,0.515
CLE,L,0.343,0.37
CLE,L,0.375,0.394
CLE,L,0.303,0.464
CLE,L,0.226,0.615
CLE,W,0.444,0.393
CLE,L,0.278,0.44
CLE,W,0.5,0.433
CLE,L,0.444,0.348
CLE,W,0.387,0.294
CLE,W,0.356,0.32
CLE,W,0.342,0.231
CLE,W,0.333,0.286
CLE,W,0.485,0.433
CLE,W,0.412,0.378
CLE,W,0.333,0.379
CLE,W,0.405,0.107
CLE,W,0.333,0.323
CLE,W,0.462,0.387
CLE,W,0.458,0.565
CLE,W,0.361,0.265
CLE,W,0.359,0.313
CLE,L,0.306,0.385
CLE,W,0.483,0.333
CLE,W,0.526,0.444
CLE,W,0.417,0.29
CLE,W,0.455,0.5
CLE,W,0.412,0.364
CLE,L,0.39,0.379
CLE,W,0.414,0.387
CLE,L,0.417,0.27
CLE,L,0.387,0.4
CLE,L,0.3,0.323
CLE,W,0.406,0.406
CLE,L,0.25,0.333
CLE,W,0.441,0.378
CLE,L,0.342,0.323
CLE,L,0.231,0.429
CLE,L,0.206,0.476
CLE,L,0.25,0.375
CLE,W,0.294,0.227
CLE,L,0.27,0.467
CLE,L,0.286,0.286
CLE,W,0.351,0.419
CLE,W,0.429,0.389
CLE,L,0.371,0.391
CLE,W,0.231,0.107
CLE,L,0.267,0.373
CLE,L,0.324,0.273
CLE,W,0.512,0.576
CLE,W,0.429,0.364
CLE,W,0.533,0.263
CLE,W,0.444,0.314
CLE,L,0.229,0.4
CLE,W,0.379,0.375
CLE,L,0.235,0.474
CLE,W,0.5,0.375
CLE,L,0.281,0.333
CLE,L,0.375,0.543
CLE,W,0.364,0.353
CLE,W,0.448,0.37
CLE,L,0.333,0.393
CLE,L,0.387,0.382
CLE,W,0.486,0.188
CLE,L,0.333,0.343
CLE,W,0.351,0.471
CLE,W,0.395,0.258
CLE,W,0.625,0.441
CLE,W,0.276,0.25
CLE,W,0.429,0.459
DAL,L,0.378,0.5
DAL,L,0.333,0.435
DAL,L,0.419,0.234
DAL,L,0.31,0.385
DAL,W,0.423,0.387
DAL,L,0.294,0.294
DAL,L,0.475,0.457
DAL,L,0.5,0.457
DAL,L,0.333,0.464
DAL,L,0.265,0.241
DAL,L,0.37,0.417
DAL,W,0.367,0.4
DAL,L,0.294,0.387
DAL,L,0.297,0.469
DAL,L,0.294,0.231
DAL,L,0.211,0.433
DAL,W,0.5,0.24
DAL,L,0.212,0.361
DAL,W,0.321,0.241
DAL,W,0.429,0.371
DAL,L,0.438,0.417
DAL,L,0.333,0.379
DAL,W,0.457,0.273
DAL,W,0.462,0.389
DAL,L,0.321,0.353
DAL,L,0.417,0.333
DAL,L,0.355,0.368
DAL,W,0.375,0.25
DAL,L,0.345,0.5
DAL,L,0.357,0.2
DAL,L,0.297,0.4
DAL,W,0.467,0.292
DAL,L,0.486,0.64
DAL,L,0.273,0.417
DAL,W,0.25,0.31
DAL,W,0.276,0.4
DAL,W,0.564,0.258
DAL,W,0.441,0.313
DAL,L,0.442,0.406
DAL,L,0.438,0.5
DAL,L,0.25,0.375
DAL,W,0.346,0.379
DAL,W,0.417,0.385
DAL,L,0.256,0.308
DAL,L,0.296,0.308
DAL,L,0.4,0.5
DAL,W,0.323,0.219
DAL,L,0.429,0.412
DAL,L,0.333,0.333
DAL,L,0.355,0.364
DAL,L,0.276,0.387
DAL,L,0.278,0.367
DAL,W,0.317,0.296
DAL,L,0.405,0.37
DAL,L,0.243,0.483
DAL,W,0.444,0.471
DAL,L,0.323,0.289
DAL,L,0.375,0.414
DAL,L,0.452,0.394
DAL,L,0.286,0.281
DAL,W,0.378,0.25
DAL,L,0.361,0.278
DAL,L,0.448,0.37
DAL,L,0.435,0.462
DAL,W,0.556,0.306
DAL,W,0.345,0.389
DAL,L,0.161,0.378
DAL,W,0.4,0.32
DAL,L,0.273,0.333
DAL,L,0.545,0.389
DAL,L,0.286,0.4
DAL,L,0.531,0.414
DAL,L,0.293,0.48
DEN,L,0.481,0.375
DEN,W,0.333,0.364
DEN,L,0.348,0.3
DEN,L,0.258,0.419
DEN,W,0.2,0.424
DEN,W,0.55,0.387
DEN,L,0.439,0.406
DEN,W,0.5,0.355
DEN,W,0.391,0.405
DEN,L,0.25,0.45
DEN,W,0.265,0.314
DEN,W,0.333,0.367
DEN,W,0.414,0.355
DEN,L,0.281,0.333
DEN,W,0.514,0.364
DEN,L,0.419,0.375
DEN,W,0.469,0.4
DEN,L,0.303,0.439
DEN,W,0.281,0.375
DEN,L,0.206,0.438
DEN,W,0.387,0.375
DEN,W,0.387,0.3
DEN,L,0.389,0.462
DEN,L,0.457,0.387
DEN,W,0.286,0.238
DEN,L,0.405,0.4
DEN,W,0.333,0.36
DEN,L,0.321,0.44
DEN,W,0.444,0.441
DEN,L,0.324,0.292
DEN,L,0.464,0.333
DEN,W,0.28,0.273
DEN,W,0.25,0.111
DEN,W,0.367,0.286
DEN,L,0.385,0.414
DEN,L,0.219,0.333
DEN,W,0.444,0.371
DEN,W,0.4,0.364
DEN,L,0.382,0.36
DEN,L,0.421,0.433
DEN,L,0.243,0.444
DEN,W,0.318,0.292
DEN,L,0.25,0.519
DEN,W,0.308,0.296
DEN,L,0.2,0.333
DEN,L,0.389,0.424
DEN,W,0.333,0.32
DEN,W,0.5,0.381
DEN,W,0.364,0.355
DEN,L,0.303,0.472
DEN,L,0.435,0.375
DEN,W,0.395,0.321
DEN,W,0.414,0.258
DEN,W,0.529,0.423
DEN,L,0.107,0.463
DEN,W,0.448,0.368
DEN,W,0.313,0.273
DEN,W,0.6,0.346
DEN,W,0.375,0.313
DEN,L,0.345,0.429
DEN,L,0.323,0.269
DEN,W,0.273,0.37
DEN,W,0.543,0.375
DEN,L,0.306,0.556
DEN,L,0.37,0.448
DEN,W,0.484,0.4
DEN,W,0.405,0.194
DEN,L,0.325,0.375
DEN,W,0.429,0.519
DEN,L,0.273,0.406
DEN,L,0.474,0.556
DEN,W,0.571,0.342
DEN,W,0.5,0.5
DET,W,0.346,0.3
DET,L,0.435,0.353
DET,W,0.3,0.267
DET,L,0.2,0.375
DET,W,0.441,0.36
DET,W,0.321,0.395
DET,W,0.444,0.37
DET,L,0.303,0.462
DET,W,0.308,0.4
DET,W,0.542,0.476
DET,W,0.444,0.292
DET,W,0.4,0.333
DET,W,0.5,0.351
DET,L,0.405,0.364
DET,L,0.424,0.536
DET,W,0.32,0.227
DET,L,0.433,0.485
DET,W,0.378,0.25
DET,W,0.44,0.485
DET,W,0.464,0.318
DET,L,0.3,0.333
DET,L,0.29,0.357
DET,L,0.296,0.452
DET,L,0.333,0.364
DET,L,0.444,0.269
DET,L,0.303,0.367
DET,L,0.36,0.333
DET,W,0.433,0.355
DET,W,0.406,0.3
DET,W,0.5,0.515
DET,L,0.292,0.467
DET,W,0.4,0.333
DET,W,0.353,0.286
DET,L,0.391,0.423
DET,W,0.333,0.192
DET,L,0.375,0.5
DET,L,0.318,0.467
DET,W,0.48,0.319
DET,L,0.296,0.273
DET,W,0.476,0.324
DET,L,0.414,0.472
DET,L,0.517,0.476
DET,L,0.357,0.355
DET,L,0.333,0.457
DET,L,0.31,0.419
DET,L,0.226,0.323
DET,L,0.364,0.424
DET,L,0.389,0.429
DET,W,0.391,0.371
DET,W,0.28,0.258
DET,W,0.346,0.389
DET,W,0.5,0.303
DET,W,0.375,0.333
DET,L,0.323,0.333
DET,L,0.394,0.345
DET,L,0.257,0.412
DET,W,0.394,0.182
DET,L,0.303,0.436
DET,L,0.222,0.457
DET,L,0.318,0.447
DET,W,0.31,0.333
DET,L,0.414,0.361
DET,L,0.292,0.414
DET,L,0.353,0.364
DET,L,0.5,0.3
DET,W,0.333,0.29
DET,L,0.2,0.382
DET,L,0.519,0.429
DET,L,0.4,0.258
DET,W,0.483,0.261
DET,W,0.417,0.206
DET,L,0.158,0.235
DET,W,0.381,0.314
GSW,L,0.533,0.366
GSW,W,0.45,0.444
GSW,L,0.316,0.37
GSW,W,0.385,0.31
GSW,W,0.462,0.235
GSW,W,0.263,0.455
GSW,L,0.37,0.444
GSW,W,0.483,0.4
GSW,W,0.5,0.292
GSW,W,0.45,0.25
GSW,W,0.344,0.308
GSW,W,0.417,0.208
GSW,W,0.519,0.429
GSW,W,0.348,0.313
GSW,L,0.313,0.219
GSW,W,0.304,0.345
GSW,W,0.417,0.333
GSW,L,0.323,0.32
GSW,W,0.444,0.361
GSW,W,0.303,0.355
GSW,L,0.432,0.529
GSW,W,0.4,0.375
GSW,W,0.5,0.393
GSW,W,0.367,0.378
GSW,W,0.485,0.41
GSW,W,0.367,0.316
GSW,W,0.269,0.444
GSW,W,0.5,0.25
GSW,W,0.5,0.345
GSW,W,0.324,0.4
GSW,W,0.333,0.387
GSW,W,0.292,0.379
GSW,L,0.111,0.25
GSW,W,0.27,0.417
GSW,W,0.478,0.261
GSW,L,0.364,0.3
GSW,W,0.545,0.714
GSW,W,0.406,0.442
GSW,W,0.433,0.34
GSW,W,0.333,0.273
GSW,W,0.433,0.421
GSW,L,0.348,0.458
GSW,W,0.333,0.393
GSW,W,0.375,0.32
GSW,W,0.375,0.25
GSW,W,0.394,0.256
GSW,L,0.472,0.378
GSW,W,0.433,0.409
GSW,W,0.568,0.3
GSW,W,0.37,0.5
GSW,L,0.2,0.5
GSW,W,0.515,0.4
GSW,L,0.258,0.414
GSW,L,0.286,0.387
GSW,W,0.483,0.243
GSW,W,0.444,0.185
GSW,W,0.423,0.13
GSW,L,0.351,0.364
GSW,W,0.56,0.344
GSW,W,0.447,0.265
GSW,W,0.484,0.4
GSW,W,0.417,0.344
GSW,W,0.355,0.429
GSW,W,0.478,0.265
GSW,W,0.267,0.273
GSW,L,0.429,0.41
GSW,L,0.278,0.3
GSW,W,0.3,0.316
GSW,L,0.462,0.452
GSW,W,0.419,0.458
GSW,L,0.158,0.348
GSW,W,0.4,0.344
GSW,L,0.4,0.429
HOU,W,0.366,0.533
HOU,W,0.267,0.348
HOU,W,0.234,0.419
HOU,L,0.237,0.316
HOU,W,0.308,0.333
HOU,W,0.386,0.379
HOU,L,0.368,0.424
HOU,L,0.277,0.417
HOU,W,0.365,0.296
HOU,W,0.34,0.333
HOU,W,0.59,0.382
HOU,W,0.348,0.444
HOU,W,0.356,0.3
HOU,W,0.362,0.364
HOU,L,0.308,0.467
HOU,W,0.477,0.333
HOU,W,0.419,0.259
HOU,W,0.439,0.303
HOU,W,0.383,0.235
HOU,W,0.4,0.256
HOU,W,0.45,0.25
HOU,W,0.378,0.321
HOU,W,0.429,0.367
HOU,W,0.4,0.439
HOU,W,0.378,0.545
HOU,W,0.378,0.19
HOU,W,0.36,0.385
HOU,W,0.314,0.296
HOU,W,0.395,0.296
HOU,L,0.405,0.429
HOU,L,0.425,0.429
HOU,L,0.324,0.444
HOU,L,0.326,0.276
HOU,L,0.292,0.5
HOU,W,0.346,0.4
HOU,W,0.441,0.194
HOU,L,0.34,0.433
HOU,L,0.319,0.48
HOU,W,0.37,0.429
HOU,W,0.316,0.346
HOU,W,0.319,0.424
HOU,L,0.295,0.4
HOU,W,0.436,0.333
HOU,W,0.378,0.472
HOU,W,0.405,0.233
HOU,W,0.412,0.429
HOU,L,0.333,0.407
HOU,W,0.297,0.242
HOU,W,0.371,0.484
HOU,W,0.333,0.25
HOU,W,0.373,0.267
HOU,W,0.485,0.457
HOU,W,0.387,0.406
HOU,W,0.463,0.107
HOU,W,0.289,0.323
HOU,W,0.468,0.261
HOU,W,0.286,0.313
HOU,W,0.368,0.385
HOU,W,0.429,0.345
HOU,W,0.273,0.241
HOU,W,0.302,0.304
HOU,W,0.388,0.542
HOU,W,0.515,0.353
HOU,W,0.35,0.321
HOU,L,0.333,0.395
HOU,W,0.378,0.161
HOU,W,0.295,0.393
HOU,W,0.293,0.222
HOU,W,0.366,0.333
HOU,W,0.457,0.5
HOU,W,0.528,0.393
HOU,W,0.235,0.158
HOU,W,0.383,0.286
HOU,W,0.385,0.275
IND,W,0.265,0.4
IND,L,0.222,0.474
IND,L,0.368,0.412
IND,W,0.455,0.375
IND,L,0.345,0.37
IND,W,0.455,0.321
IND,W,0.414,0.143
IND,W,0.615,0.226
IND,L,0.286,0.5
IND,L,0.48,0.261
IND,L,0.375,0.4
IND,L,0.292,0.444
IND,W,0.414,0.259
IND,L,0.364,0.362
IND,W,0.5,0.25
IND,W,0.536,0.424
IND,W,0.478,0.351
IND,W,0.4,0.342
IND,W,0.423,0.3
IND,L,0.304,0.4
IND,W,0.577,0.39
IND,L,0.25,0.45
IND,L,0.308,0.313
IND,W,0.423,0.261
IND,W,0.353,0.385
IND,W,0.385,0.306
IND,W,0.4,0.405
IND,L,0.355,0.448
IND,L,0.3,0.406
IND,W,0.444,0.364
IND,L,0.333,0.615
IND,W,0.333,0.276
IND,W,0.435,0.444
IND,L,0.286,0.353
IND,L,0.4,0.276
IND,L,0.318,0.462
IND,L,0.4,0.211
IND,L,0.2,0.529
IND,W,0.484,0.313
IND,W,0.318,0.259
IND,L,0.056,0.433
IND,W,0.476,0.206
IND,W,0.478,0.243
IND,W,0.538,0.273
IND,L,0.269,0.313
IND,L,0.08,0.321
IND,W,0.211,0.265
IND,W,0.375,0.257
IND,L,0.419,0.351
IND,W,0.278,0.32
IND,W,0.286,0.29
IND,W,0.385,0.462
IND,L,0.414,0.455
IND,W,0.333,0.313
IND,L,0.414,0.28
IND,W,0.25,0.259
IND,W,0.429,0.257
IND,W,0.4,0.371
IND,W,0.321,0.226
IND,L,0.25,0.378
IND,L,0.344,0.31
IND,W,0.375,0.36
IND,W,0.32,0.37
IND,W,0.588,0.304
IND,L,0.13,0.355
IND,W,0.5,0.303
IND,W,0.545,0.324
IND,W,0.208,0.333
IND,L,0.292,0.375
IND,L,0.5,0.5
IND,W,0.286,0.242
IND,L,0.318,0.348
IND,W,0.355,0.385
IND,W,0.348,0.4
LAC,W,0.364,0.25
LAC,W,0.462,0.25
LAC,W,0.345,0.25
LAC,W,0.321,0.452
LAC,L,0.395,0.321
LAC,L,0.4,0.483
LAC,W,0.464,0.333
LAC,L,0.154,0.419
LAC,L,0.29,0.389
LAC,L,0.367,0.536
LAC,L,0.4,0.423
LAC,L,0.385,0.375
LAC,L,0.375,0.219
LAC,L,0.286,0.333
LAC,L,0.276,0.423
LAC,L,0.313,0.382
LAC,W,0.5,0.345
LAC,W,0.321,0.524
LAC,W,0.357,0.367
LAC,L,0.345,0.486
LAC,L,0.273,0.457
LAC,L,0.441,0.308
LAC,L,0.313,0.368
LAC,W,0.438,0.406
LAC,W,0.222,0.241
LAC,W,0.462,0.333
LAC,L,0.292,0.226
LAC,L,0.286,0.343
LAC,L,0.31,0.375
LAC,W,0.333,0.229
LAC,W,0.429,0.425
LAC,L,0.382,0.419
LAC,W,0.419,0.318
LAC,W,0.281,0.158
LAC,W,0.357,0.333
LAC,W,0.391,0.308
LAC,L,0.3,0.441
LAC,L,0.273,0.333
LAC,W,0.5,0.27
LAC,W,0.458,0.348
LAC,W,0.419,0.308
LAC,W,0.387,0.353
LAC,W,0.4,0.295
LAC,W,0.333,0.2
LAC,L,0.306,0.393
LAC,L,0.333,0.318
LAC,L,0.238,0.35
LAC,W,0.37,0.296
LAC,W,0.321,0.257
LAC,L,0.273,0.433
LAC,W,0.36,0.324
LAC,W,0.37,0.405
LAC,W,0.333,0.323
LAC,L,0.25,0.394
LAC,W,0.375,0.3
LAC,W,0.379,0.484
LAC,L,0.344,0.56
LAC,W,0.438,0.29
LAC,W,0.269,0.323
LAC,L,0.304,0.302
LAC,W,0.36,0.44
LAC,W,0.37,0.422
LAC,L,0.259,0.433
LAC,W,0.393,0.333
LAC,W,0.389,0.333
LAC,W,0.276,0.241
LAC,L,0.222,0.293
LAC,L,0.423,0.344
LAC,L,0.391,0.483
LAC,L,0.333,0.4
LAC,W,0.5,0.308
LAC,L,0.385,0.355
LAC,W,0.444,0.444
LAL,L,0.25,0.364
LAL,W,0.462,0.483
LAL,L,0.333,0.313
LAL,W,0.233,0.231
LAL,L,0.13,0.241
LAL,L,0.227,0.419
LAL,W,0.462,0.303
LAL,L,0.222,0.409
LAL,W,0.429,0.237
LAL,W,0.333,0.297
LAL,L,0.208,0.241
LAL,L,0.13,0.333
LAL,L,0.273,0.261
LAL,W,0.424,0.269
LAL,L,0.111,0.219
LAL,L,0.28,0.406
LAL,W,0.375,0.419
LAL,W,0.325,0.306
LAL,L,0.517,0.476
LAL,L,0.367,0.357
LAL,L,0.375,0.4
LAL,L,0.3,0.387
LAL,L,0.321,0.378
LAL,W,0.393,0.385
LAL,W,0.333,0.32
LAL,L,0.371,0.409
LAL,L,0.29,0.417
LAL,L,0.4,0.324
LAL,W,0.429,0.405
LAL,L,0.379,0.292
LAL,L,0.32,0.4
LAL,L,0.333,0.344
LAL,L,0.286,0.238
LAL,L,0.158,0.281
LAL,L,0.4,0.346
LAL,L,0.308,0.35
LAL,L,0.333,0.467
LAL,L,0.25,0.364
LAL,W,0.444,0.353
LAL,W,0.343,0.381
LAL,W,0.342,0.4
LAL,W,0.308,0.256
LAL,L,0.343,0.455
LAL,L,0.385,0.343
LAL,W,0.321,0.08
LAL,W,0.385,0.48
LAL,W,0.269,0.341
LAL,W,0.208,0.472
LAL,L,0.32,0.387
LAL,L,0.2,0.563
LAL,W,0.385,0.31
LAL,W,0.433,0.28
LAL,W,0.423,0.276
LAL,W,0.323,0.235
LAL,L,0.471,0.444
LAL,L,0.455,0.438
LAL,L,0.226,0.25
LAL,W,0.394,0.452
LAL,W,0.447,0.52
LAL,W,0.455,0.222
LAL,W,0.552,0.29
LAL,W,0.441,0.233
LAL,L,0.297,0.435
LAL,W,0.333,0.429
LAL,L,0.4,0.484
LAL,W,0.382,0.387
LAL,W,0.375,0.325
LAL,L,0.316,0.3
LAL,L,0.474,0.278
LAL,L,0.242,0.286
LAL,L,0.436,0.25
LAL,W,0.342,0.172
MEM,W,0.31,0.28
MEM,W,0.37,0.316
MEM,W,0.316,0.237
MEM,L,0.387,0.423
MEM,W,0.294,0.294
MEM,W,0.424,0.368
MEM,L,0.229,0.412
MEM,L,0.333,0.448
MEM,W,0.419,0.154
MEM,L,0.297,0.333
MEM,W,0.368,0.316
MEM,L,0.3,0.356
MEM,L,0.423,0.545
MEM,L,0.25,0.5
MEM,L,0.259,0.419
MEM,L,0.267,0.4
MEM,L,0.241,0.321
MEM,L,0.375,0.281
MEM,L,0.32,0.448
MEM,L,0.5,0.4
MEM,L,0.333,0.407
MEM,L,0.565,0.458
MEM,W,0.286,0.235
MEM,L,0.429,0.643
MEM,L,0.333,0.419
MEM,L,0.394,0.353
MEM,L,0.296,0.519
MEM,L,0.357,0.409
MEM,W,0.48,0.387
MEM,L,0.412,0.467
MEM,L,0.387,0.333
MEM,L,0.192,0.385
MEM,W,0.419,0.382
MEM,L,0.15,0.364
MEM,W,0.238,0.286
MEM,L,0.714,0.545
MEM,W,0.467,0.375
MEM,L,0.308,0.391
MEM,L,0.333,0.37
MEM,W,0.263,0.314
MEM,L,0.292,0.318
MEM,W,0.455,0.343
MEM,W,0.357,0.259
MEM,W,0.294,0.407
MEM,L,0.429,0.259
MEM,W,0.385,0.452
MEM,L,0.111,0.417
MEM,L,0.296,0.37
MEM,W,0.5,0.304
MEM,L,0.462,0.385
MEM,L,0.258,0.28
MEM,L,0.32,0.171
MEM,L,0.182,0.32
MEM,L,0.348,0.273
MEM,L,0.214,0.432
MEM,L,0.519,0.472
MEM,L,0.375,0.379
MEM,L,0.455,0.364
MEM,L,0.217,0.324
MEM,L,0.419,0.286
MEM,L,0.37,0.273
MEM,L,0.273,0.32
MEM,L,0.364,0.273
MEM,L,0.345,0.379
MEM,L,0.273,0.406
MEM,L,0.389,0.345
MEM,L,0.333,0.48
MEM,L,0.371,0.366
MEM,W,0.406,0.273
MEM,L,0.435,0.4
MEM,L,0.333,0.355
MEM,L,0.222,0.475
MEM,L,0.172,0.342
MIA,L,0.267,0.381
MIA,W,0.412,0.368
MIA,W,0.378,0.412
MIA,L,0.346,0.588
MIA,L,0.226,0.261
MIA,L,0.259,0.478
MIA,W,0.387,0.25
MIA,L,0.405,0.391
MIA,W,0.389,0.29
MIA,L,0.308,0.344
MIA,W,0.4,0.414
MIA,W,0.4,0.238
MIA,L,0.351,0.5
MIA,L,0.433,0.474
MIA,W,0.286,0.286
MIA,L,0.351,0.478
MIA,W,0.357,0.346
MIA,W,0.487,0.412
MIA,W,0.406,0.424
MIA,L,0.323,0.333
MIA,L,0.263,0.385
MIA,W,0.4,0.25
MIA,L,0.378,0.367
MIA,L,0.529,0.52
MIA,W,0.296,0.259
MIA,W,0.519,0.296
MIA,L,0.433,0.357
MIA,W,0.355,0.37
MIA,W,0.343,0.286
MIA,L,0.28,0.364
MIA,W,0.357,0.406
MIA,W,0.64,0.486
MIA,L,0.313,0.6
MIA,W,0.333,0.25
MIA,L,0.115,0.423
MIA,W,0.5,0.444
MIA,W,0.5,0.375
MIA,W,0.286,0.385
MIA,W,0.31,0.313
MIA,W,0.182,0.333
MIA,W,0.433,0.056
MIA,W,0.379,0.143
MIA,L,0.333,0.41
MIA,W,0.417,0.393
MIA,L,0.318,0.281
MIA,W,0.464,0.259
MIA,L,0.233,0.405
MIA,L,0.353,0.417
MIA,W,0.308,0.208
MIA,W,0.387,0.276
MIA,L,0.107,0.231
MIA,L,0.324,0.333
MIA,L,0.389,0.346
MIA,L,0.13,0.433
MIA,L,0.406,0.387
MIA,W,0.385,0.3
MIA,L,0.414,0.371
MIA,L,0.407,0.257
MIA,L,0.333,0.258
MIA,W,0.364,0.455
MIA,W,0.333,0.387
MIA,L,0.29,0.552
MIA,W,0.414,0.292
MIA,W,0.333,0.417
MIA,L,0.273,0.583
MIA,W,0.538,0.405
MIA,W,0.357,0.35
MIA,L,0.323,0.389
MIA,L,0.419,0.333
MIA,W,0.278,0.474
MIA,W,0.556,0.474
MIA,W,0.441,0.323
MIA,L,0.433,0.308
MIA,L,0.4,0.348
MIL,W,0.333,0.393
MIL,L,0.314,0.423
MIL,W,0.389,0.393
MIL,W,0.346,0.269
MIL,L,0.44,0.367
MIL,W,0.5,0.448
MIL,L,0.29,0.429
MIL,L,0.528,0.56
MIL,L,0.4,0.308
MIL,L,0.433,0.5
MIL,W,0.278,0.31
MIL,W,0.261,0.273
MIL,W,0.545,0.423
MIL,W,0.364,0.405
MIL,L,0.24,0.5
MIL,L,0.182,0.375
MIL,W,0.276,0.318
MIL,L,0.381,0.563
MIL,W,0.409,0.294
MIL,W,0.3,0.261
MIL,W,0.316,0.458
MIL,L,0.429,0.455
MIL,W,0.364,0.333
MIL,W,0.333,0.417
MIL,W,0.412,0.348
MIL,L,0.296,0.52
MIL,L,0.273,0.364
MIL,L,0.296,0.314
MIL,W,0.379,0.39
MIL,W,0.276,0.462
MIL,L,0.308,0.429
MIL,L,0.323,0.357
MIL,W,0.333,0.321
MIL,W,0.31,0.28
MIL,L,0.481,0.424
MIL,W,0.529,0.2
MIL,L,0.412,0.303
MIL,W,0.318,0.381
MIL,L,0.259,0.318
MIL,W,0.211,0.276
MIL,L,0.393,0.333
MIL,L,0.143,0.379
MIL,W,0.5,0.286
MIL,L,0.393,0.417
MIL,L,0.313,0.4
MIL,W,0.294,0.346
MIL,W,0.522,0.235
MIL,W,0.464,0.353
MIL,W,0.393,0.077
MIL,L,0.207,0.368
MIL,W,0.292,0.2
MIL,W,0.421,0.31
MIL,W,0.308,0.217
MIL,L,0.3,0.385
MIL,W,0.36,0.267
MIL,W,0.32,0.343
MIL,L,0.346,0.6
MIL,W,0.5,0.265
MIL,L,0.28,0.333
MIL,L,0.385,0.35
MIL,L,0.333,0.31
MIL,L,0.36,0.375
MIL,W,0.435,0.5
MIL,L,0.304,0.588
MIL,L,0.321,0.35
MIL,W,0.444,0.25
MIL,W,0.48,0.333
MIL,L,0.417,0.529
MIL,W,0.44,0.333
MIL,L,0.258,0.395
MIL,L,0.308,0.5
MIL,W,0.5,0.462
MIL,W,0.333,0.235
MIN,L,0.421,0.381
MIN,W,0.318,0.409
MIN,W,0.4,0.355
MIN,L,0.375,0.455
MIN,L,0.36,0.441
MIN,W,0.364,0.286
MIN,W,0.478,0.259
MIN,W,0.273,0.258
MIN,W,0.417,0.37
MIN,W,0.417,0.321
MIN,L,0.208,0.417
MIN,L,0.2,0.385
MIN,W,0.5,0.35
MIN,W,0.5,0.292
MIN,W,0.433,0.211
MIN,L,0.227,0.32
MIN,L,0.222,0.423
MIN,W,0.348,0.324
MIN,L,0.412,0.487
MIN,W,0.429,0.5
MIN,L,0.333,0.357
MIN,W,0.391,0.4
MIN,L,0.5,0.308
MIN,W,0.308,0.441
MIN,L,0.235,0.286
MIN,W,0.368,0.313
MIN,W,0.368,0.355
MIN,L,0.172,0.423
MIN,W,0.476,0.424
MIN,L,0.333,0.458
MIN,W,0.368,0.417
MIN,W,0.333,0.464
MIN,W,0.375,0.344
MIN,W,0.344,0.333
MIN,W,0.414,0.385
MIN,L,0.321,0.333
MIN,W,0.211,0.4
MIN,W,0.35,0.308
MIN,L,0.091,0.467
MIN,L,0.304,0.167
MIN,W,0.5,0.207
MIN,W,0.323,0.342
MIN,W,0.35,0.24
MIN,W,0.37,0.5
MIN,W,0.368,0.44
MIN,L,0.438,0.355
MIN,L,0.333,0.436
MIN,W,0.438,0.364
MIN,W,0.318,0.333
MIN,L,0.375,0.548
MIN,L,0.3,0.568
MIN,W,0.19,0.3
MIN,L,0.368,0.382
MIN,L,0.417,0.31
MIN,W,0.368,0.207
MIN,W,0.476,0.242
MIN,L,0.576,0.512
MIN,L,0.364,0.346
MIN,W,0.375,0.4
MIN,L,0.261,0.468
MIN,W,0.25,0.226
MIN,L,0.385,0.368
MIN,W,0.314,0.261
MIN,W,0.438,0.364
MIN,L,0.2,0.3
MIN,L,0.529,0.31
MIN,L,0.387,0.344
MIN,W,0.3,0.278
MIN,W,0.333,0.4
MIN,L,0.583,0.231
MIN,L,0.5,0.457
MIN,W,0.4,0.333
MIN,W,0.385,0.429
MIN,L,0.261,0.351
NOP,L,0.28,0.31
NOP,L,0.444,0.45
NOP,W,0.313,0.333
NOP,L,0.3,0.345
NOP,W,0.406,0.35
NOP,W,0.394,0.375
NOP,L,0.25,0.471
NOP,L,0.258,0.273
NOP,W,0.241,0.265
NOP,W,0.29,0.262
NOP,W,0.4,0.375
NOP,L,0.419,0.381
NOP,W,0.375,0.385
NOP,W,0.394,0.472
NOP,L,0.37,0.471
NOP,L,0.364,0.514
NOP,W,0.28,0.314
NOP,W,0.292,0.25
NOP,W,0.333,0.1
NOP,L,0.355,0.303
NOP,L,0.4,0.391
NOP,L,0.5,0.4
NOP,W,0.484,0.314
NOP,L,0.41,0.485
NOP,W,0.387,0.457
NOP,L,0.357,0.433
NOP,W,0.625,0.31
NOP,L,0.545,0.378
NOP,W,0.52,0.296
NOP,L,0.441,0.444
NOP,L,0.25,0.4
NOP,W,0.333,0.2
NOP,W,0.6,0.313
NOP,W,0.515,0.5
NOP,L,0.258,0.564
NOP,L,0.231,0.263
NOP,W,0.467,0.219
NOP,L,0.207,0.5
NOP,W,0.273,0.296
NOP,L,0.314,0.263
NOP,W,0.368,0.286
NOP,W,0.281,0.353
NOP,W,0.259,0.38
NOP,L,0.37,0.25
NOP,W,0.259,0.429
NOP,W,0.364,0.258
NOP,W,0.346,0.286
NOP,W,0.407,0.333
NOP,L,0.257,0.321
NOP,L,0.36,0.385
NOP,W,0.542,0.25
NOP,L,0.242,0.476
NOP,L,0.364,0.667
NOP,L,0.258,0.412
NOP,W,0.375,0.356
NOP,W,0.412,0.257
NOP,W,0.438,0.455
NOP,W,0.258,0.333
NOP,W,0.333,0.28
NOP,W,0.286,0.292
NOP,W,0.346,0.346
NOP,W,0.462,0.435
NOP,W,0.433,0.259
NOP,W,0.423,0.321
NOP,L,0.3,0.346
NOP,L,0.286,0.375
NOP,W,0.409,0.269
NOP,L,0.375,0.269
NOP,L,0.333,0.366
NOP,W,0.333,0.346
NOP,W,0.4,0.286
NOP,W,0.348,0.318
NOP,W,0.25,0.436
NOP,L,0.286,0.383
NYK,L,0.292,0.289
NYK,L,0.267,0.3
NYK,L,0.083,0.483
NYK,W,0.333,0.379
NYK,W,0.464,0.303
NYK,W,0.406,0.439
NYK,L,0.296,0.365
NYK,W,0.308,0.281
NYK,W,0.261,0.48
NYK,W,0.48,0.405
NYK,L,0.417,0.464
NYK,W,0.444,0.318
NYK,L,0.32,0.356
NYK,W,0.429,0.486
NYK,L,0.391,0.346
NYK,W,0.382,0.313
NYK,W,0.333,0.368
NYK,L,0.4,0.419
NYK,L,0.235,0.383
NYK,L,0.333,0.333
NYK,W,0.385,0.263
NYK,L,0.333,0.214
NYK,L,0.261,0.423
NYK,W,0.643,0.429
NYK,L,0.292,0.28
NYK,W,0.294,0.29
NYK,W,0.409,0.371
NYK,W,0.5,0.286
NYK,W,0.609,0.444
NYK,L,0.167,0.45
NYK,W,0.571,0.342
NYK,L,0.333,0.4
NYK,L,0.267,0.357
NYK,L,0.174,0.357
NYK,L,0.357,0.45
NYK,W,0.263,0.231
NYK,L,0.318,0.37
NYK,L,0.368,0.391
NYK,L,0.385,0.286
NYK,W,0.375,0.25
NYK,L,0.455,0.455
NYK,L,0.5,0.37
NYK,L,0.353,0.281
NYK,W,0.563,0.344
NYK,L,0.259,0.357
NYK,W,0.55,0.355
NYK,L,0.48,0.385
NYK,L,0.409,0.433
NYK,L,0.381,0.5
NYK,W,0.36,0.333
NYK,W,0.5,0.243
NYK,L,0.176,0.423
NYK,L,0.2,0.292
NYK,L,0.217,0.455
NYK,L,0.217,0.308
NYK,L,0.259,0.372
NYK,L,0.257,0.429
NYK,L,0.25,0.526
NYK,L,0.474,0.318
NYK,W,0.28,0.458
NYK,L,0.222,0.394
NYK,L,0.4,0.484
NYK,L,0.44,0.36
NYK,L,0.286,0.433
NYK,L,0.368,0.606
NYK,L,0.25,0.444
NYK,L,0.333,0.457
NYK,L,0.32,0.4
NYK,L,0.25,0.405
NYK,W,0.462,0.273
NYK,W,0.314,0.1
NYK,L,0.323,0.441
NYK,L,0.429,0.385
NYK,W,0.273,0.316
OKC,W,0.289,0.292
OKC,L,0.333,0.31
OKC,L,0.355,0.4
OKC,W,0.37,0.345
OKC,L,0.286,0.364
OKC,W,0.382,0.27
OKC,W,0.429,0.29
OKC,L,0.371,0.464
OKC,L,0.333,0.35
OKC,L,0.27,0.375
OKC,L,0.367,0.333
OKC,W,0.423,0.4
OKC,W,0.469,0.297
OKC,W,0.267,0.379
OKC,L,0.391,0.4
OKC,L,0.314,0.28
OKC,W,0.32,0.323
OKC,L,0.25,0.378
OKC,L,0.371,0.429
OKC,L,0.375,0.433
OKC,W,0.308,0.5
OKC,W,0.273,0.286
OKC,W,0.222,0.333
OKC,L,0.292,0.297
OKC,W,0.353,0.394
OKC,L,0.346,0.52
OKC,W,0.448,0.355
OKC,W,0.429,0.283
OKC,L,0.444,0.609
OKC,W,0.292,0.324
OKC,W,0.348,0.226
OKC,W,0.52,0.469
OKC,W,0.414,0.231
OKC,W,0.444,0.324
OKC,W,0.36,0.289
OKC,L,0.28,0.31
OKC,L,0.313,0.441
OKC,W,0.467,0.333
OKC,W,0.441,0.3
OKC,L,0.296,0.436
OKC,L,0.419,0.435
OKC,L,0.24,0.35
OKC,W,0.308,0.321
OKC,W,0.3,0.233
OKC,W,0.343,0.385
OKC,W,0.467,0.27
OKC,W,0.28,0.421
OKC,W,0.333,0.457
OKC,W,0.424,0.364
OKC,W,0.303,0.379
OKC,L,0.281,0.28
OKC,L,0.321,0.395
OKC,L,0.25,0.542
OKC,L,0.28,0.433
OKC,W,0.387,0.286
OKC,L,0.235,0.323
OKC,W,0.432,0.214
OKC,L,0.314,0.444
OKC,W,0.472,0.519
OKC,W,0.4,0.444
OKC,L,0.265,0.447
OKC,W,0.44,0.414
OKC,W,0.278,0.361
OKC,W,0.324,0.44
OKC,L,0.222,0.333
OKC,L,0.353,0.515
OKC,W,0.394,0.243
OKC,W,0.357,0.5
OKC,W,0.444,0.364
OKC,W,0.457,0.419
OKC,W,0.344,0.423
OKC,W,0.476,0.5
OKC,L,0.37,0.361
OKC,W,0.308,0.433
OKC,L,0.296,0.265
ORL,W,0.381,0.267
ORL,L,0.545,0.333
ORL,W,0.486,0.28
ORL,W,0.348,0.314
ORL,W,0.478,0.167
ORL,L,0.333,0.333
ORL,W,0.471,0.25
ORL,W,0.448,0.333
ORL,L,0.286,0.483
ORL,L,0.207,0.333
ORL,W,0.464,0.417
ORL,W,0.464,0.208
ORL,L,0.355,0.414
ORL,L,0.313,0.348
ORL,L,0.379,0.519
ORL,L,0.276,0.412
ORL,L,0.342,0.4
ORL,L,0.324,0.348
ORL,L,0.375,0.405
ORL,L,0.387,0.471
ORL,L,0.39,0.577
ORL,W,0.433,0.375
ORL,L,0.393,0.5
ORL,W,0.214,0.333
ORL,L,0.313,0.176
ORL,W,0.214,0.407
ORL,L,0.238,0.286
ORL,L,0.382,0.515
ORL,L,0.333,0.462
ORL,L,0.345,0.444
ORL,L,0.515,0.5
ORL,L,0.185,0.333
ORL,L,0.2,0.333
ORL,L,0.308,0.533
ORL,L,0.25,0.333
ORL,W,0.423,0.391
ORL,L,0.444,0.5
ORL,L,0.194,0.36
ORL,L,0.194,0.441
ORL,L,0.378,0.441
ORL,L,0.379,0.346
ORL,L,0.276,0.211
ORL,L,0.414,0.25
ORL,W,0.355,0.438
ORL,L,0.227,0.294
ORL,W,0.286,0.296
ORL,L,0.355,0.308
ORL,L,0.32,0.278
ORL,L,0.484,0.371
ORL,W,0.563,0.2
ORL,L,0.313,0.269
ORL,W,0.433,0.13
ORL,W,0.273,0.324
ORL,W,0.31,0.4
ORL,L,0.267,0.36
ORL,L,0.323,0.281
ORL,L,0.405,0.433
ORL,L,0.458,0.28
ORL,L,0.419,0.333
ORL,L,0.414,0.44
ORL,L,0.433,0.4
ORL,W,0.361,0.414
ORL,W,0.32,0.273
ORL,L,0.324,0.323
ORL,L,0.429,0.333
ORL,L,0.31,0.36
ORL,L,0.333,0.389
ORL,L,0.304,0.474
ORL,W,0.529,0.417
ORL,L,0.179,0.346
ORL,L,0.36,0.389
ORL,L,0.303,0.405
ORL,W,0.367,0.241
PHI,L,0.429,0.273
PHI,L,0.313,0.345
PHI,L,0.333,0.295
PHI,W,0.375,0.2
PHI,L,0.333,0.308
PHI,W,0.457,0.475
PHI,W,0.417,0.277
PHI,W,0.371,0.348
PHI,W,0.5,0.286
PHI,W,0.444,0.231
PHI,L,0.405,0.444
PHI,L,0.429,0.519
PHI,W,0.219,0.375
PHI,W,0.219,0.111
PHI,L,0.345,0.304
PHI,W,0.267,0.321
PHI,W,0.344,0.269
PHI,W,0.471,0.387
PHI,L,0.107,0.405
PHI,W,0.167,0.409
PHI,L,0.5,0.414
PHI,W,0.357,0.29
PHI,L,0.233,0.455
PHI,L,0.385,0.393
PHI,L,0.333,0.483
PHI,L,0.31,0.625
PHI,W,0.423,0.172
PHI,L,0.283,0.429
PHI,L,0.424,0.464
PHI,L,0.286,0.259
PHI,L,0.31,0.343
PHI,L,0.259,0.333
PHI,W,0.357,0.267
PHI,L,0.5,0.333
PHI,W,0.333,0.219
PHI,W,0.417,0.37
PHI,W,0.318,0.32
PHI,W,0.467,0.318
PHI,L,0.393,0.371
PHI,W,0.24,0.281
PHI,W,0.353,0.241
PHI,W,0.4,0.313
PHI,L,0.452,0.385
PHI,W,0.5,0.297
PHI,W,0.429,0.125
PHI,L,0.379,0.303
PHI,L,0.077,0.393
PHI,L,0.389,0.406
PHI,W,0.333,0.324
PHI,L,0.313,0.333
PHI,W,0.5,0.259
PHI,W,0.412,0.258
PHI,W,0.394,0.25
PHI,W,0.526,0.25
PHI,W,0.257,0.407
PHI,W,0.379,0.529
PHI,W,0.333,0.419
PHI,L,0.273,0.48
PHI,L,0.387,0.333
PHI,W,0.333,0.281
PHI,W,0.375,0.458
PHI,L,0.5,0.435
PHI,W,0.485,0.379
PHI,L,0.405,0.538
PHI,W,0.346,0.357
PHI,L,0.333,0.208
PHI,W,0.405,0.25
PHI,W,0.444,0.5
PHI,W,0.409,0.273
PHI,W,0.355,0.333
PHI,W,0.405,0.303
PHI,W,0.351,0.261
PHO,L,0.259,0.583
PHO,L,0.483,0.462
PHO,L,0.25,0.462
PHO,W,0.333,0.409
PHO,W,0.316,0.24
PHO,L,0.346,0.423
PHO,W,0.455,0.29
PHO,W,0.375,0.333
PHO,L,0.281,0.308
PHO,L,0.348,0.5
PHO,L,0.24,0.25
PHO,L,0.414,0.4
PHO,L,0.208,0.464
PHO,W,0.385,0.2
PHO,L,0.269,0.424
PHO,L,0.333,0.477
PHO,W,0.406,0.28
PHO,W,0.259,0.333
PHO,L,0.318,0.276
PHO,L,0.1,0.333
PHO,L,0.5,0.429
PHO,W,0.367,0.4
PHO,L,0.318,0.464
PHO,L,0.292,0.452
PHO,W,0.455,0.233
PHO,L,0.375,0.417
PHO,L,0.304,0.381
PHO,L,0.28,0.316
PHO,L,0.219,0.318
PHO,L,0.333,0.346
PHO,W,0.458,0.333
PHO,W,0.4,0.297
PHO,L,0.229,0.333
PHO,W,0.385,0.192
PHO,L,0.344,0.375
PHO,W,0.364,0.15
PHO,W,0.433,0.348
PHO,L,0.37,0.417
PHO,W,0.318,0.323
PHO,L,0.371,0.444
PHO,L,0.233,0.367
PHO,W,0.436,0.296
PHO,L,0.424,0.319
PHO,L,0.243,0.478
PHO,L,0.39,0.486
PHO,W,0.424,0.389
PHO,L,0.346,0.294
PHO,L,0.257,0.375
PHO,L,0.333,0.36
PHO,L,0.242,0.297
PHO,L,0.304,0.5
PHO,W,0.367,0.278
PHO,L,0.273,0.517
PHO,L,0.517,0.263
PHO,L,0.276,0.423
PHO,L,0.094,0.5
PHO,L,0.368,0.448
PHO,L,0.13,0.423
PHO,L,0.414,0.294
PHO,L,0.29,0.438
PHO,L,0.423,0.2
PHO,L,0.292,0.286
PHO,W,0.286,0.419
PHO,L,0.44,0.324
PHO,L,0.423,0.515
PHO,L,0.417,0.333
PHO,L,0.243,0.394
PHO,L,0.563,0.406
PHO,L,0.188,0.486
PHO,L,0.438,0.333
PHO,L,0.458,0.419
PHO,L,0.206,0.417
PHO,L,0.25,0.276
PHO,L,0.241,0.367
POR,W,0.583,0.259
POR,W,0.474,0.222
POR,L,0.393,0.389
POR,W,0.345,0.3
POR,L,0.452,0.321
POR,W,0.423,0.346
POR,L,0.308,0.333
POR,L,0.265,0.448
POR,W,0.409,0.222
POR,W,0.35,0.333
POR,L,0.316,0.368
POR,L,0.348,0.316
POR,W,0.333,0.281
POR,W,0.519,0.379
POR,L,0.28,0.286
POR,W,0.476,0.471
POR,W,0.4,0.267
POR,L,0.269,0.344
POR,W,0.4,0.4
POR,W,0.375,0.348
POR,W,0.333,0.333
POR,L,0.261,0.3
POR,L,0.314,0.484
POR,L,0.444,0.44
POR,L,0.439,0.4
POR,L,0.25,0.5
POR,W,0.357,0.433
POR,W,0.444,0.345
POR,W,0.417,0.226
POR,L,0.417,0.368
POR,L,0.24,0.353
POR,L,0.273,0.28
POR,W,0.4,0.32
POR,W,0.333,0.5
POR,L,0.28,0.467
POR,W,0.424,0.407
POR,L,0.406,0.406
POR,W,0.433,0.308
POR,W,0.348,0.478
POR,W,0.435,0.419
POR,L,0.346,0.316
POR,L,0.286,0.368
POR,L,0.44,0.368
POR,W,0.486,0.39
POR,W,0.313,0.269
POR,W,0.5,0.4
POR,L,0.32,0.333
POR,W,0.548,0.375
POR,W,0.333,0.333
POR,W,0.433,0.273
POR,W,0.469,0.382
POR,L,0.333,0.475
POR,L,0.419,0.417
POR,L,0.303,0.5
POR,W,0.29,0.394
POR,W,0.429,0.391
POR,L,0.36,0.5
POR,W,0.364,0.351
POR,W,0.375,0.24
POR,W,0.2,0.423
POR,W,0.441,0.318
POR,W,0.3,0.2
POR,W,0.333,0.222
POR,W,0.435,0.297
POR,W,0.606,0.368
POR,W,0.41,0.429
POR,W,0.389,0.323
POR,W,0.343,0.333
POR,W,0.258,0.4
POR,W,0.483,0.391
POR,L,0.393,0.528
POR,L,0.242,0.611
POR,W,0.265,0.296
SAC,L,0.348,0.267
SAC,W,0.435,0.333
SAC,L,0.364,0.333
SAC,L,0.409,0.333
SAC,L,0.35,0.406
SAC,L,0.273,0.5
SAC,L,0.143,0.414
SAC,L,0.3,0.415
SAC,L,0.476,0.542
SAC,W,0.375,0.27
SAC,W,0.444,0.405
SAC,L,0.318,0.444
SAC,L,0.522,0.324
SAC,L,0.214,0.5
SAC,W,0.286,0.28
SAC,L,0.471,0.476
SAC,L,0.4,0.469
SAC,W,0.476,0.517
SAC,L,0.524,0.321
SAC,W,0.529,0.432
SAC,L,0.294,0.409
SAC,W,0.333,0.361
SAC,L,0.458,0.316
SAC,L,0.313,0.359
SAC,W,0.433,0.357
SAC,L,0.435,0.297
SAC,W,0.318,0.219
SAC,L,0.424,0.476
SAC,L,0.423,0.433
SAC,W,0.259,0.286
SAC,W,0.368,0.357
SAC,L,0.545,0.478
SAC,L,0.318,0.419
SAC,W,0.4,0.387
SAC,L,0.348,0.433
SAC,L,0.375,0.467
SAC,L,0.412,0.469
SAC,W,0.36,0.382
SAC,L,0.348,0.423
SAC,L,0.381,0.343
SAC,L,0.308,0.419
SAC,L,0.353,0.387
SAC,L,0.233,0.3
SAC,L,0.619,0.414
SAC,L,0.407,0.294
SAC,L,0.455,0.4
SAC,W,0.308,0.355
SAC,W,0.417,0.353
SAC,L,0.529,0.44
SAC,W,0.385,0.36
SAC,L,0.4,0.515
SAC,L,0.296,0.317
SAC,W,0.344,0.389
SAC,L,0.391,0.429
SAC,L,0.4,0.375
SAC,W,0.414,0.375
SAC,L,0.313,0.286
SAC,L,0.444,0.4
SAC,L,0.52,0.447
SAC,L,0.364,0.438
SAC,L,0.318,0.441
SAC,W,0.429,0.37
SAC,L,0.3,0.344
SAC,W,0.433,0.286
SAC,L,0.321,0.423
SAC,W,0.36,0.31
SAC,L,0.194,0.405
SAC,L,0.364,0.444
SAC,W,0.333,0.419
SAC,W,0.452,0.462
SAC,L,0.667,0.25
SAC,L,0.261,0.483
SAC,W,0.476,0.333
SAC,L,0.269,0.545
SAS,W,0.381,0.421
SAS,W,0.083,0.286
SAS,W,0.25,0.27
SAS,W,0.588,0.346
SAS,L,0.167,0.478
SAS,L,0.321,0.455
SAS,L,0.462,0.355
SAS,L,0.292,0.5
SAS,W,0.333,0.333
SAS,W,0.5,0.348
SAS,W,0.536,0.367
SAS,L,0.31,0.278
SAS,W,0.667,0.261
SAS,W,0.231,0.294
SAS,L,0.292,0.5
SAS,W,0.4,0.391
SAS,W,0.323,0.267
SAS,L,0.25,0.292
SAS,W,0.24,0.16
SAS,W,0.417,0.438
SAS,W,0.4,0.5
SAS,W,0.407,0.333
SAS,L,0.286,0.273
SAS,W,0.452,0.296
SAS,W,0.52,0.529
SAS,W,0.296,0.289
SAS,W,0.316,0.28
SAS,L,0.25,0.375
SAS,L,0.385,0.36
SAS,W,0.2,0.357
SAS,W,0.375,0.31
SAS,W,0.353,0.24
SAS,L,0.476,0.462
SAS,W,0.478,0.545
SAS,W,0.438,0.375
SAS,W,0.45,0.357
SAS,L,0.192,0.333
SAS,W,0.37,0.318
SAS,L,0.32,0.318
SAS,W,0.367,0.233
SAS,L,0.478,0.348
SAS,W,0.423,0.348
SAS,L,0.4,0.342
SAS,W,0.519,0.25
SAS,L,0.364,0.36
SAS,W,0.474,0.361
SAS,L,0.25,0.346
SAS,L,0.265,0.211
SAS,W,0.286,0.286
SAS,W,0.417,0.111
SAS,L,0.125,0.429
SAS,W,0.44,0.529
SAS,W,0.375,0.435
SAS,L,0.25,0.333
SAS,L,0.385,0.522
SAS,W,0.5,0.094
SAS,L,0.185,0.444
SAS,L,0.24,0.458
SAS,L,0.273,0.313
SAS,L,0.313,0.375
SAS,W,0.474,0.235
SAS,L,0.346,0.346
SAS,L,0.233,0.441
SAS,W,0.273,0.364
SAS,L,0.273,0.267
SAS,L,0.5,0.357
SAS,L,0.393,0.295
SAS,W,0.474,0.304
SAS,W,0.269,0.375
SAS,W,0.231,0.583
SAS,W,0.348,0.158
SAS,W,0.304,0.32
SAS,W,0.412,0.393
SAS,L,0.235,0.333
TOR,W,0.448,0.313
TOR,W,0.295,0.333
TOR,L,0.27,0.25
TOR,L,0.235,0.462
TOR,W,0.241,0.13
TOR,W,0.333,0.308
TOR,L,0.355,0.5
TOR,W,0.367,0.348
TOR,L,0.208,0.478
TOR,W,0.52,0.379
TOR,W,0.381,0.419
TOR,L,0.417,0.385
TOR,W,0.467,0.308
TOR,W,0.471,0.37
TOR,W,0.346,0.391
TOR,W,0.256,0.579
TOR,L,0.368,0.333
TOR,L,0.3,0.423
TOR,W,0.406,0.222
TOR,W,0.438,0.474
TOR,W,0.313,0.308
TOR,W,0.417,0.375
TOR,W,0.419,0.333
TOR,W,0.297,0.435
TOR,L,0.241,0.222
TOR,W,0.346,0.333
TOR,W,0.25,0.304
TOR,W,0.433,0.423
TOR,W,0.485,0.304
TOR,W,0.343,0.31
TOR,W,0.333,0.259
TOR,L,0.31,0.25
TOR,L,0.289,0.36
TOR,W,0.351,0.375
TOR,W,0.424,0.481
TOR,W,0.395,0.394
TOR,W,0.303,0.412
TOR,W,0.294,0.364
TOR,L,0.333,0.182
TOR,W,0.429,0.231
TOR,L,0.32,0.375
TOR,L,0.281,0.24
TOR,W,0.355,0.357
TOR,W,0.346,0.25
TOR,L,0.364,0.438
TOR,W,0.389,0.333
TOR,L,0.259,0.476
TOR,W,0.387,0.32
TOR,W,0.31,0.417
TOR,L,0.414,0.333
TOR,W,0.475,0.333
TOR,W,0.171,0.32
TOR,W,0.472,0.435
TOR,W,0.372,0.259
TOR,W,0.486,0.435
TOR,W,0.371,0.414
TOR,W,0.368,0.167
TOR,L,0.265,0.5
TOR,W,0.447,0.318
TOR,W,0.4,0.433
TOR,W,0.303,0.375
TOR,W,0.293,0.238
TOR,W,0.278,0.286
TOR,W,0.3,0.5
TOR,W,0.395,0.333
TOR,W,0.457,0.333
TOR,W,0.355,0.417
TOR,W,0.375,0.292
TOR,W,0.333,0.273
TOR,L,0.5,0.476
TOR,W,0.389,0.36
TOR,L,0.441,0.625
TOR,W,0.483,0.407
TOR,L,0.444,0.444
UTA,W,0.375,0.481
UTA,L,0.409,0.318
UTA,W,0.31,0.333
UTA,L,0.25,0.345
UTA,L,0.24,0.316
UTA,W,0.419,0.227
UTA,W,0.457,0.5
UTA,W,0.448,0.265
UTA,L,0.348,0.367
UTA,L,0.382,0.59
UTA,L,0.231,0.444
UTA,L,0.238,0.4
UTA,W,0.379,0.304
UTA,L,0.35,0.5
UTA,L,0.486,0.429
UTA,L,0.462,0.459
UTA,W,0.412,0.276
UTA,L,0.321,0.267
UTA,W,0.4,0.238
UTA,W,0.563,0.381
UTA,W,0.438,0.206
UTA,W,0.486,0.345
UTA,W,0.4,0.5
UTA,W,0.471,0.2
UTA,L,0.333,0.222
UTA,L,0.367,0.429
UTA,L,0.348,0.412
UTA,L,0.3,0.412
UTA,W,0.52,0.29
UTA,L,0.5,0.455
UTA,L,0.296,0.395
UTA,L,0.226,0.348
UTA,W,0.462,0.476
UTA,L,0.231,0.414
UTA,L,0.286,0.367
UTA,L,0.261,0.478
UTA,W,0.323,0.3
UTA,L,0.219,0.467
UTA,L,0.364,0.4
UTA,L,0.313,0.31
UTA,W,0.333,0.4
UTA,L,0.343,0.333
UTA,L,0.273,0.538
UTA,W,0.414,0.619
UTA,L,0.355,0.55
UTA,W,0.393,0.306
UTA,L,0.267,0.462
UTA,W,0.323,0.226
UTA,W,0.476,0.259
UTA,W,0.5,0.2
UTA,W,0.517,0.273
UTA,W,0.522,0.385
UTA,W,0.667,0.364
UTA,W,0.273,0.348
UTA,W,0.345,0.375
UTA,W,0.5,0.36
UTA,W,0.458,0.24
UTA,W,0.294,0.414
UTA,L,0.24,0.375
UTA,W,0.281,0.286
UTA,L,0.241,0.273
UTA,W,0.31,0.529
UTA,W,0.344,0.3
UTA,W,0.323,0.324
UTA,W,0.355,0.13
UTA,W,0.406,0.273
UTA,W,0.375,0.286
UTA,W,0.382,0.2
UTA,W,0.333,0.438
UTA,W,0.25,0.667
UTA,L,0.176,0.273
UTA,W,0.414,0.531
UTA,L,0.393,0.412
UTA,W,0.429,0.4
WAS,W,0.273,0.429
WAS,W,0.353,0.435
WAS,W,0.3,0.348
WAS,L,0.231,0.233
WAS,L,0.455,0.263
WAS,W,0.5,0.273
WAS,L,0.333,0.375
WAS,L,0.393,0.444
WAS,W,0.478,0.208
WAS,L,0.4,0.367
WAS,W,0.333,0.13
WAS,W,0.292,0.424
WAS,W,0.324,0.522
WAS,W,0.474,0.433
WAS,L,0.286,0.286
WAS,L,0.579,0.256
WAS,W,0.375,0.182
WAS,L,0.333,0.357
WAS,L,0.348,0.375
WAS,W,0.357,0.333
WAS,L,0.409,0.167
WAS,W,0.333,0.3
WAS,L,0.2,0.471
WAS,W,0.44,0.444
WAS,W,0.381,0.304
WAS,L,0.406,0.438
WAS,L,0.182,0.233
WAS,W,0.409,0.357
WAS,W,0.226,0.292
WAS,L,0.364,0.412
WAS,W,0.4,0.25
WAS,L,0.25,0.341
WAS,W,0.533,0.308
WAS,W,0.231,0.483
WAS,L,0.375,0.297
WAS,W,0.5,0.292
WAS,W,0.444,0.229
WAS,W,0.391,0.368
WAS,W,0.37,0.333
WAS,L,0.381,0.318
WAS,L,0.4,0.333
WAS,W,0.25,0.414
WAS,W,0.435,0.279
WAS,L,0.286,0.5
WAS,L,0.565,0.484
WAS,W,0.457,0.333
WAS,L,0.219,0.323
WAS,L,0.457,0.333
WAS,W,0.563,0.279
WAS,W,0.28,0.281
WAS,W,0.333,0.414
WAS,W,0.269,0.313
WAS,W,0.28,0.414
WAS,L,0.259,0.5
WAS,L,0.462,0.346
WAS,W,0.342,0.281
WAS,W,0.318,0.474
WAS,W,0.4,0.229
WAS,L,0.36,0.436
WAS,W,0.48,0.273
WAS,W,0.35,0.385
WAS,L,0.344,0.417
WAS,L,0.375,0.303
WAS,L,0.37,0.32
WAS,W,0.583,0.273
WAS,W,0.346,0.3
WAS,L,0.35,0.357
WAS,L,0.4,0.333
WAS,W,0.375,0.462
WAS,W,0.5,0.5
WAS,L,0.32,0.304
WAS,L,0.5,0.5
WAS,L,0.316,0.273
